Track,Artist,Release_date,Streams,BPM,Key,Mode,Dancebility,Valence,Energy,Acousticness,Instrumentalness,Liveness,Speechiness
Seven (feat. Latto) (Explicit Ver.),"Latto, Jung Kook",2023-07-14,141381703,125,B,Major,80,89,83,31,0,8,4
LALA,Myke Towers,2023-03-23,133716286,92,C#,Major,71,61,74,7,0,10,4
vampire,Olivia Rodrigo,2023-06-30,140003974,138,F,Major,51,32,53,17,0,31,6
Cruel Summer,Taylor Swift,2019-08-23,800840817,170,A,Major,55,58,72,11,0,11,15
WHERE SHE GOES,Bad Bunny,2023-05-18,303236322,144,A,Minor,65,23,80,14,63,11,6
Sprinter,"Dave, Central Cee",2023-06-01,183706234,141,C#,Major,92,66,58,19,0,8,24
Ella Baila Sola,"Eslabon Armado, Peso Pluma",2023-03-16,725980112,148,F,Minor,67,83,76,48,0,8,3
Columbia,Quevedo,2023-07-07,58149378,100,F,Major,67,26,71,37,0,11,4
fukumean,Gunna,2023-05-15,95217315,130,C#,Minor,85,22,62,12,0,28,9
La Bebe - Remix,"Peso Pluma, Yng Lvcas",2023-03-17,553634067,170,D,Minor,81,56,48,21,0,8,33
un x100to,"Bad Bunny, Grupo Frontera",2023-04-17,505671438,83,F#,Minor,57,56,72,23,0,27,5
Super Shy,NewJeans,2023-07-07,58255150,150,F,Minor,78,52,82,18,0,15,7
Flowers,Miley Cyrus,2023-01-12,1316855716,118,,Major,71,65,68,6,0,3,7
Daylight,David Kushner,2023-04-14,387570742,130,D,Minor,51,32,43,83,0,9,3
As It Was,Harry Styles,2022-03-31,2513188493,174,F#,Minor,52,66,73,34,0,31,6
Kill Bill,SZA,2022-12-08,1163093654,89,G#,Major,64,43,73,5,17,16,4
Cupid - Twin Ver.,Fifty Fifty,2023-02-24,496795686,120,B,Minor,78,76,59,43,0,34,3
"What Was I Made For? [From The Motion Picture ""Barbie""]",Billie Eilish,2023-07-13,30546883,78,,Major,44,14,9,96,0,10,3
Classy 101,"Feid, Young Miko",2023-03-31,335222234,100,B,Major,86,67,66,14,0,12,16
Like Crazy,Jimin,2023-03-24,363369738,120,G,Major,63,36,73,0,0,36,4
LADY GAGA,"Gabito Ballesteros, Junior H, Peso Pluma",2023-06-22,86444842,140,F,Minor,65,87,74,22,0,42,4
I Can See You (Taylorï¿½ï¿½ï¿½s Version) (From The ,Taylor Swift,2023-07-07,52135248,123,F#,Major,69,82,76,6,0,6,3
I Wanna Be Yours,Arctic Monkeys,2013-01-01,1297026226,135,,Minor,48,44,42,12,2,11,3
"Peso Pluma: Bzrp Music Sessions, Vol. 55","Bizarrap, Peso Pluma",2023-05-31,200647221,133,F,Minor,85,81,67,26,0,12,5
Popular (with Playboi Carti & Madonna) - The Idol Vol. 1 (Music from the HBO Original Series),"The Weeknd, Madonna, Playboi Carti",2023-06-02,115364561,99,C#,Major,85,83,68,7,0,36,20
SABOR FRESA,Fuerza Regida,2023-06-22,78300654,130,G,Minor,79,96,86,9,0,9,9
Calm Down (with Selena Gomez),"Rï¿½ï¿½ma, Selena G",2022-03-25,899183384,107,B,Major,80,82,80,43,0,14,4
MOJABI GHOST,"Tainy, Bad Bunny",2023-06-29,61245289,122,F#,Minor,81,74,71,14,0,56,4
Last Night,Morgan Wallen,2023-01-31,429829812,204,F#,Major,52,52,68,46,0,15,4
Dance The Night (From Barbie The Album),Dua Lipa,2023-05-25,127408954,110,B,Minor,67,78,85,2,0,33,5
Rush,Troye Sivan,2023-07-13,22581161,126,F,Minor,74,35,84,0,0,11,6
TULUM,"Peso Pluma, Grupo Frontera",2023-06-28,52294266,168,F#,Major,56,63,87,39,0,11,5
Creepin',"The Weeknd, 21 Savage, Metro Boomin",2022-12-02,843957510,98,C#,Minor,71,17,61,36,0,8,5
Anti-Hero,Taylor Swift,2022-10-21,999748277,97,E,Major,64,51,63,12,0,19,5
TQG,"Karol G, Shakira",2023-02-23,618990393,180,E,Minor,72,61,63,67,0,9,28
Los del Espacio,"Big One, Duki, Lit Killah, Maria Becerra, FMK, Rusherking, Emilia, Tiago pzk",2023-06-01,123122413,120,,Major,81,63,68,11,0,11,4
Frï¿½ï¿½gil (feat. Grupo Front,"Yahritza Y Su Esencia, Grupo Frontera",2023-04-07,188933502,150,F#,Major,61,39,73,37,0,11,3
Blank Space,Taylor Swift,2014-01-01,1355959075,96,F,Major,75,57,68,9,0,13,6
Style,Taylor Swift,2014-01-01,786181836,95,D,Major,60,48,79,0,0,12,4
TQM,Fuerza Regida,2023-05-19,176553476,125,F,Minor,79,96,85,27,0,11,6
El Azul,"Junior H, Peso Pluma",2023-02-10,354495408,144,A,Minor,56,84,65,23,0,10,6
Sunflower - Spider-Man: Into the Spider-Verse,"Post Malone, Swae Lee",2018-10-09,2808096550,90,D,Major,76,91,50,54,0,7,5
I'm Good (Blue),"Bebe Rexha, David Guetta",2022-08-26,1109433169,128,G,Minor,56,38,97,4,0,35,4
See You Again,"Tyler, The Creator, Kali Uchis",2017-07-21,1047101291,79,F#,Major,56,58,56,37,0,11,10
Barbie World (with Aqua) [From Barbie The Album],"Nicki Minaj, Aqua, Ice Spice",2023-06-23,65156199,144,,Major,77,75,58,52,0,23,25
Angels Like You,Miley Cyrus,2020-11-27,570515054,122,F,Major,67,49,64,10,0,10,3
I Ain't Worried,OneRepublic,2022-05-13,1085685420,140,,Major,71,82,81,11,0,6,5
Die For You,The Weeknd,2016-11-24,1647990401,134,C#,Minor,59,51,52,9,0,15,7
Starboy,"The Weeknd, Daft Punk",2016-09-21,2565529693,186,G,Major,68,49,59,16,0,13,28
Die For You - Remix,"Ariana Grande, The Weeknd",2023-02-24,518745108,67,C#,Minor,53,50,53,23,0,44,7
El Cielo,"Feid, Myke Towers, Sky Rompiendo",2023-06-02,107753850,106,A#,Minor,72,17,64,7,0,10,5
Baby Don't Hurt Me,"David Guetta, Anne-Marie, Coi Leray",2023-04-06,177740666,128,G,Major,60,23,91,0,0,12,3
AMARGURA,Karol G,2023-02-24,153372011,107,F#,Minor,92,55,70,18,0,15,7
(It Goes Like) Nanana - Edit,Peggy Gou,2023-06-15,57876440,130,G,Minor,67,96,88,12,19,8,4
Another Love,Tom Odell,2012-10-15,1813673666,123,E,Minor,45,13,54,70,0,9,4
Blinding Lights,The Weeknd,2019-11-29,3703895074,171,C#,Major,50,38,80,0,0,9,7
Moonlight,Kali Uchis,2023-02-24,256483385,137,G,Minor,64,88,72,51,0,17,5
La Bachata,Manuel Turizo,2022-05-26,1214083358,125,G,Minor,84,85,68,58,0,22,4
S91,Karol G,2023-07-14,16011326,128,,Minor,86,42,72,59,0,9,19
cardigan,Taylor Swift,2020-07-24,812019557,130,,Minor,61,53,58,55,0,27,4
Tï¿½ï¿,"dennis, MC Kevin o Chris",2023-05-04,111947664,130,B,Major,86,59,96,50,1,9,5
Boy's a liar Pt. 2,"PinkPantheress, Ice Spice",2023-02-03,156338624,133,F,Major,70,86,81,25,0,25,5
Left and Right (Feat. Jung Kook of BTS),"Charlie Puth, BTS, Jung Kook",2022-06-24,720434240,101,D,Major,88,72,59,62,0,9,3
BESO,"Rauw Alejandro, ROSALï¿½",2023-03-24,357925728,95,F,Minor,77,53,64,74,0,17,14
Hey Mor,"Ozuna, Feid",2022-10-06,674072710,98,C#,Minor,90,40,59,0,0,10,29
Yellow,Chris Molitor,1999-01-01,1755214421,173,B,Major,43,28,66,0,0,23,3
Karma,Taylor Swift,2022-10-21,404562836,90,G#,Major,64,10,62,7,0,48,7
People,Libianca,2022-12-02,373199958,198,A#,Minor,59,71,42,55,0,10,7
Overdrive,Post Malone,2023-07-14,14780425,140,C#,Major,56,48,73,0,0,35,4
Enchanted (Taylor's Version),Taylor Swift,2023-07-07,39578178,82,G#,Major,51,22,53,1,0,15,3
BABY HELLO,"Rauw Alejandro, Bizarrap",2023-06-23,54266102,130,C#,Minor,77,84,89,17,0,43,5
Heat Waves,Glass Animals,2020-06-28,2557975762,81,B,Major,76,53,53,44,0,9,9
golden hour,JVKE,2022-07-15,751134527,94,C#,Minor,51,14,59,65,18,25,3
Sweater Weather,The Neighbourhood,2012-05-14,2282771485,124,A#,Major,61,41,81,5,2,10,3
"Quevedo: Bzrp Music Sessions, Vol. 52","Bizarrap, Quevedo",2022-07-06,1356565093,128,D,Major,62,55,78,1,3,23,4
Viva La Vida,Coldplay,2008-01-01,1592909789,138,F,Minor,49,42,62,9,0,11,3
Here With Me,d4vd,2022-07-17,635412045,132,E,Major,58,27,48,50,0,12,3
Unholy (feat. Kim Petras),"Sam Smith, Kim Petras",2022-09-22,1230675890,131,D,Major,71,24,47,1,0,27,9
Yandel 150,"Yandel, Feid",2022-12-20,585695368,168,F#,Minor,78,58,73,5,0,10,7
CORAZï¿½ï¿½N VA,Maria Becerra,2023-06-22,43857627,98,C#,Major,68,40,79,33,0,30,6
Riptide,Vance Joy,1975-01-01,2009094673,102,C#,Major,48,50,73,43,0,15,4
Until I Found You (with Em Beihold) - Em Beihold Version,"Em Beihold, Stephen Sanchez",2022-04-22,600976848,101,A#,Major,34,32,57,78,0,20,3
Novidade na ï¿½ï¿,"Mc Livinho, DJ Matt D",2023-06-23,39709092,130,F,Major,63,36,34,76,0,35,9
Back To December (Taylor's Version),Taylor Swift,2023-07-07,39228929,142,D,Major,50,20,64,1,0,12,3
STAY (with Justin Bieber),"Justin Bieber, The Kid Laroi",2021-07-09,2665343922,170,C#,Major,59,48,76,4,0,10,5
El Merengue,"Marshmello, Manuel Turizo",2023-03-03,223633238,124,G#,Minor,78,70,68,3,1,11,4
Someone You Loved,Lewis Capaldi,2018-11-08,2887241814,110,C#,Major,50,45,41,75,0,11,3
Me Porto Bonito,"Chencho Corleone, Bad Bunny",2022-05-06,1440757818,92,C#,Minor,91,43,71,9,0,9,8
Makeba,Jain,2015-06-22,165484133,116,D,Major,82,40,66,39,51,25,7
MONTAGEM - FR PUNK,"Ayparia, unxbected",2012-06-20,58054811,129,A,Major,63,84,82,70,8,9,7
Fast Car,Luke Combs,2023-03-24,157058870,98,G#,Major,71,67,60,19,0,12,3
What It Is (Solo Version),Doechii,2023-03-17,95131998,172,C#,Minor,74,76,76,6,0,10,9
Coco Chanel,"Bad Bunny, Eladio Carrion",2023-03-17,250305248,150,D,Major,68,14,76,4,0,10,4
Donï¿½ï¿½ï¿½t Bl,Taylor Swift,2017-11-08,685032533,136,A,Minor,62,19,53,11,0,6,4
Still With You,Jung Kook,2020-06-05,38411956,88,C#,Minor,53,34,47,9,0,83,4
All My Life (feat. J. Cole),"J. Cole, Lil Durk",2023-05-12,144565150,143,D#,Major,83,69,44,15,0,10,33
Say Yes To Heaven,Lana Del Rey,2023-03-17,127567540,100,F#,Minor,49,17,35,71,9,11,3
Snooze,SZA,2022-12-09,399686758,143,F,Major,56,39,55,14,0,11,13
Summertime Sadness,Lana Del Rey,2011-01-01,983637508,112,C#,Minor,56,24,66,7,0,12,3
Take Two,BTS,2023-06-09,118482347,93,G,Major,62,57,59,3,0,38,3
Lover,Taylor Swift,2012-01-01,882831184,206,G,Major,43,50,55,50,0,15,10
Too Many Nights (feat. Don Toliver & with Future),"Future, Metro Boomin, Don Toliver",2022-12-02,286400165,88,G,Minor,68,17,71,15,0,11,5
Chemical,Post Malone,2023-04-14,172825906,170,D,Major,50,37,90,0,0,12,5
Mockingbird,Eminem,2004-01-01,1241559043,84,E,Minor,62,24,67,21,0,13,28
New Jeans,NewJeans,2023-07-07,29562220,134,E,Minor,81,53,72,51,0,12,5
Primera Cita,Carin Leon,2022-04-20,77309611,158,A#,Major,54,50,40,61,0,10,6
Cold Heart - PNAU Remix,"Dua Lipa, Elton John, Pnau",2017-11-10,1605224506,116,C#,Major,80,92,80,4,0,10,3
Dandelions,Ruth B.,2017-04-28,1116995633,117,C#,Major,61,45,69,2,0,9,3
Bones,Imagine Dragons,2021-03-11,838079900,114,F,Minor,77,65,72,2,0,7,5
Set Fire to the Rain,Adele,2011-01-01,1163620694,108,D,Minor,61,47,68,0,0,13,3
Money Trees,"Kendrick Lamar, Jay Rock",2012-01-01,1093605526,144,E,Minor,74,37,53,7,0,21,10
Tak Segampang Itu,Anggi Marito,2022-12-02,179659294,130,F,Major,51,18,44,76,0,11,3
LAGUNAS,"Jasiel Nuï¿½ï¿½ez, Peso P",2023-06-22,39058561,116,B,Major,77,79,62,33,1,15,3
Mine (Taylor's Version),Taylor Swift,2023-07-07,36912123,121,G,Major,65,49,78,0,0,17,4
Everybody Wants To Rule The World,Tears For Fears,1985-02-17,1205951614,112,G,Major,64,54,81,36,0,11,6
No Role Modelz,J. Cole,2014-12-09,1791000570,100,A#,Minor,70,47,52,30,0,6,33
Tattoo,Loreen,2023-02-25,201660859,150,D#,Minor,55,30,78,24,0,12,8
Rara Vez,"Taiu, Milo j",2023-02-08,248088961,120,F,Minor,84,96,71,18,0,34,17
VAGABUNDO,"Sebastian Yatra, Manuel Turizo, Beï¿½ï",2023-05-12,90839753,127,B,Minor,82,89,85,4,0,23,6
august,Taylor Swift,2020-07-24,607123776,90,F,Major,51,42,61,53,0,9,3
LUNA,"Junior H, Peso Pluma",2023-06-22,55842345,128,A,Minor,75,79,63,33,0,15,4
Miracle (with Ellie Goulding),"Calvin Harris, Ellie Goulding",2023-03-10,211050784,143,A,Major,64,31,87,4,4,8,4
Nonsense,Sabrina Carpenter,2022-07-15,342897938,139,G#,Major,74,68,68,3,0,26,4
Que Vuelvas,"Carin Leon, Grupo Frontera",2022-12-09,2762,162,A#,Major,49,78,64,19,0,11,4
Por las Noches,Peso Pluma,2021-06-11,330346424,92,,Major,81,39,60,31,0,7,3
Feliz Cumpleaï¿½ï¿½os Fe,Feid,2022-08-19,601863821,95,F,Major,87,57,55,10,0,29,7
Can't Hold Us (feat. Ray Dalton),"Ray Dalton, Ryan Lewis, Macklemore",2011-08-16,1953533826,146,D,Major,63,88,93,3,0,10,8
Watermelon Sugar,Harry Styles,2019-11-17,2322580122,95,,Major,55,56,82,12,0,34,5
lovely - Bonus Track,"Billie Eilish, Khalid",2017-08-11,2355719893,115,E,Minor,35,12,30,93,0,10,3
"Rauw Alejandro: Bzrp Music Sessions, Vol. 56","Rauw Alejandro, Bizarrap",2023-06-21,66902503,128,B,Major,78,59,65,10,0,26,5
Queencard,(G)I-DLE,2023-05-15,96273746,130,E,Minor,82,69,83,3,0,27,5
OMG,NewJeans,2023-01-02,430977451,127,A,Minor,80,74,77,36,0,11,4
Radio,Lana Del Rey,2011-01-01,284819874,150,D,Major,42,20,86,21,0,9,9
"Shakira: Bzrp Music Sessions, Vol. 53","Shakira, Bizarrap",2023-01-11,721975598,122,D,Minor,78,50,63,27,0,9,5
505,Arctic Monkeys,2007-04-20,1217120710,140,,Major,52,20,85,0,0,7,5
"Calling (Spider-Man: Across the Spider-Verse) (Metro Boomin & Swae Lee, NAV, feat. A Boogie Wit da Hoodie)","Swae Lee, A Boogie Wit da Hoodie, Metro Boomin, NAV",2023-06-02,109276132,140,,Major,63,22,54,46,0,12,8
Trance (with Travis Scott & Young Thug),"Travis Scott, Young Thug, Metro Boomin",2022-12-02,276259178,119,C#,Minor,75,48,53,18,0,18,34
"Tere Vaaste (From ""Zara Hatke Zara Bachke"")","Sachin-Jigar, Shadab Faridi, Altamash Faridi, Amitabh Bhattacharya, Varun Jain",2023-05-22,54225632,110,G,Minor,76,96,72,32,0,9,4
Perfect,Ed Sheeran,2017-01-01,2559529074,95,G#,Major,60,17,45,16,0,11,2
Romantic Homicide,d4vd,2022-07-20,681583126,132,F#,Major,56,20,55,45,1,32,3
Believer,Imagine Dragons,2017-01-31,2594040133,125,A#,Minor,77,74,78,4,0,23,11
Novo Balanï¿½,"Veigh, Bvga Beatz, Supernova Ent, Prod Malax",2023-05-19,81102253,124,D#,Minor,84,65,50,67,0,13,6
"Gol Bolinha, Gol Quadrado 2","Mc Pedrinho, DJ 900",2023-06-01,11956641,133,B,Minor,93,68,65,42,0,12,25
Without Me,Eminem,2002-01-01,1687664027,112,G,Major,92,67,66,0,0,36,9
QUEMA,"Sog, Ryan Castro, Peso Pluma",2023-07-13,11599388,97,,Major,79,92,89,5,0,6,5
Stargirl Interlude,"The Weeknd, Lana Del Rey",2016-11-24,611700552,90,F,Minor,59,52,48,38,5,10,11
Ojitos Lindos,"Bomba Estï¿½ï¿½reo, Bad B",2022-05-06,1133865788,80,D#,Minor,65,27,69,8,0,53,4
Somewhere Only We Know,Keane,2004-01-01,1089402494,172,A,Major,45,33,59,6,0,8,3
Those Eyes,New West,2019-05-10,411747614,120,E,Major,60,24,35,73,0,31,3
El Gordo Trae El Mando,Chino Pacas,2023-01-27,255932395,140,G,Minor,74,96,80,18,0,5,5
Mi Bello Angel,Natanael Cano,2023-06-30,31873544,128,A,Minor,81,90,77,1,0,9,5
Bye,Peso Pluma,2023-05-26,95053634,122,,Major,78,70,81,57,0,10,5
Danza Kuduro,"Don Omar, Lucenzo",2010-01-01,1279434863,130,,Major,47,86,92,8,0,5,24
Nosso Quadro,"Ana Castela, AgroPlay",2023-02-02,233801632,160,A,Major,69,61,71,33,0,31,20
Locked Out Of Heaven,Bruno Mars,2012-12-05,1481349984,144,F,Major,73,87,70,6,0,28,5
Un Finde | CROSSOVER #2,"Big One, FMK, Ke personajes",2023-04-04,142095275,192,B,Major,50,85,52,11,0,28,6
Jimmy Cooks (feat. 21 Savage),"Drake, 21 Savage",2022-06-17,618885532,163,,Major,54,40,67,0,0,9,17
Counting Stars,OneRepublic,2013-01-01,2011464183,122,C#,Minor,66,48,71,6,0,12,4
Ghost,Justin Bieber,2021-03-19,1167330737,154,D,Major,61,41,74,21,0,40,6
Under The Influence,Chris Brown,2019-10-04,929964809,117,A,Minor,73,31,69,6,0,11,4
PRC,"Natanael Cano, Peso Pluma",2023-01-23,436027885,138,G,Minor,78,89,83,10,0,12,5
Gasolina,Daddy Yankee,2004-07-13,657723613,96,,Major,86,74,80,33,0,8,6
One Dance,"Drake, WizKid, Kyla",2016-04-04,2713922350,104,C#,Major,77,36,63,1,0,36,5
Enchanted,Taylor Swift,2010-01-01,621660989,164,G#,Major,45,24,62,8,0,16,3
Save Your Tears,The Weeknd,2020-03-20,1591223784,118,,Major,68,61,82,2,0,50,3
Sure Thing,Miguel,2010-05-25,950906471,81,B,Minor,68,51,60,3,0,19,10
Every Breath You Take - Remastered 2003,The Police,1983-01-06,1593270737,117,C#,Major,82,73,45,54,0,7,3
The Night We Met,Lord Huron,2015-02-02,1410088830,174,D,Major,45,10,37,97,25,64,4
We Found Love,"Rihanna, Calvin Harris",2011-01-01,1235005533,128,C#,Major,73,60,77,3,0,11,4
When I Was Your Man,Bruno Mars,2012-12-05,1661187319,145,,Major,60,43,27,94,0,14,4
Let Me Down Slowly,Alec Benjamin,2018-05-25,1374581173,150,C#,Minor,65,51,55,73,0,14,3
"Am I Dreaming (Metro Boomin & A$AP Rocky, Roisee)","A$AP Rocky, Metro Boomin, Roisee",2023-06-02,94186466,90,A,Minor,60,13,53,4,0,21,4
Do I Wanna Know?,Arctic Monkeys,2013-01-01,1788326445,85,F,Major,55,42,53,17,0,22,3
Demons,Imagine Dragons,2012-01-01,1840364617,180,D#,Major,33,38,71,20,0,28,5
ýýýýýýýýýýýý,YOASOBI,2023-04-12,143573775,166,C#,Major,57,84,94,11,0,37,9
Reminder,The Weeknd,2016-11-25,684675814,160,G#,Major,71,40,50,16,0,16,22
Shake It Off,Taylor Swift,2014-01-01,1113838873,160,G,Major,65,95,80,5,0,41,16
Why'd You Only Call Me When You're High?,Arctic Monkeys,2013-01-01,1267333350,92,D,Major,70,81,63,4,0,8,4
SNAP,Rosa Linn,2022-03-19,726307468,170,,Major,56,53,64,11,0,45,6
Shape of You,Ed Sheeran,2017-01-06,3562543890,96,C#,Minor,83,93,65,58,0,9,8
Night Changes,One Direction,2014-11-17,1131090940,120,G#,Major,67,40,52,86,0,12,4
Fin de Semana,"Oscar Maydon, Junior H",2023-01-13,307370144,98,,Major,70,37,54,6,0,9,8
Creep,Radiohead,1992-09-21,1271293243,92,G,Major,53,12,34,1,0,12,4
Car's Outside,James Arthur,2019-10-18,265882712,150,A,Major,34,24,56,4,0,11,3
Apocalypse,Cigarettes After Sex,2017-03-21,841749534,94,F,Major,37,17,47,2,46,11,3
Cheques,Shubh,2023-05-19,47956378,90,E,Minor,74,36,63,26,0,27,5
Pink + White,Frank Ocean,2016-08-20,806397070,160,A,Major,54,54,55,67,0,42,11
Circles,Post Malone,2019-08-30,2132335812,120,,Major,70,59,75,24,0,9,4
Just The Way You Are,Bruno Mars,2010-01-01,1641426668,109,F,Major,63,46,85,1,0,9,5
Take Me To Church,Hozier,2013-09-13,2135158446,129,E,Minor,57,41,66,63,0,12,5
Bebe Dame,"Fuerza Regida, Grupo Frontera",2022-12-16,367316268,157,G,Major,54,75,60,30,0,7,5
You Belong With Me (Taylorï¿½ï¿½ï¿½s Ve,Taylor Swift,2021-04-09,350381515,130,F#,Major,63,49,73,5,0,9,3
Titi Me Preguntï¿,Bad Bunny,2022-05-06,1264310836,107,F,Minor,65,19,72,10,0,13,25
Better Than Revenge (Taylor's Version),Taylor Swift,2023-07-07,30343206,146,B,Minor,50,67,89,0,0,19,8
Shut up My Moms Calling,Hotel Ugly,2020-02-10,405136812,139,A,Minor,48,37,41,32,0,10,10
Have You Ever Seen The Rain?,Creedence Clearwater Revival,1968-07-01,1145727611,116,,Major,74,76,70,7,0,13,3
Es un Secreto,Plan B,2010-07-20,540654286,95,F#,Minor,84,52,77,12,0,7,4
POLARIS - Remix,"Feid, Mora, Saiko, Quevedo",2023-06-08,57312735,170,G#,Minor,62,55,80,15,0,37,7
Ditto,NewJeans,2022-12-19,397582059,134,F#,Minor,81,18,64,3,0,10,11
Take On Me,a-ha,1984-10-19,1479115056,84,F#,Minor,57,86,90,2,0,9,5
"Annihilate (Spider-Man: Across the Spider-Verse) (Metro Boomin & Swae Lee, Lil Wayne, Offset)","Swae Lee, Lil Wayne, Offset, Metro Boomin",2023-06-02,86773632,146,B,Minor,61,20,48,21,0,12,6
"Angel Pt 1 (feat. Jimin of BTS, JVKE & Muni Long)","Kodak Black, NLE Choppa, Muni Long, JVKE, Jimin",2023-05-01,133753727,74,A#,Minor,53,24,67,11,0,10,28
Acrï¿½ï¿½s,Shakira,2023-05-11,123124076,144,B,Major,75,35,48,84,0,10,12
AMG,"Natanael Cano, Gabito Ballesteros, Peso Pluma",2022-11-24,463564958,136,B,Minor,77,79,73,15,0,27,10
"Phir Aur Kya Chahiye (From ""Zara Hatke Zara Bachke"")","Arijit Singh, Sachin-Jigar, Amitabha Bhattacharya",2023-05-15,64533040,100,E,Major,56,53,55,53,0,12,4
S-Class,Stray Kids,2023-06-02,65496046,105,F,Minor,89,67,78,9,0,7,33
Hits Different,Taylor Swift,2023-05-26,68616963,106,F,Major,67,24,78,15,0,30,4
Chanel,"Becky G, Peso Pluma",2023-03-30,161460990,132,D,Major,85,53,68,40,0,9,4
Self Love (Spider-Man: Across the Spider-Verse) (Metro Boomin & Coi Leray),"Metro Boomin, Coi Leray",2023-06-02,70106975,120,A,Major,78,5,30,21,0,13,5
Area Codes,"Kaliii, Kaliii",2023-03-17,113509496,155,C#,Major,82,51,39,2,0,9,49
Abcdario,"Junior H, Eden Muï¿½ï",2023-05-13,89933133,129,G#,Major,70,42,43,78,0,11,3
Obsessed,"Abhijay Sharma, Riar Saab",2022-09-29,71007139,135,F,Minor,80,85,74,62,0,8,9
Piï¿½ï¿½man Deï¿,"Semicenk, Doï¿½ï¿½u ",2023-06-02,43522589,98,A#,Minor,73,45,62,28,0,13,13
FLOWER,JISOO,2023-03-31,232896922,124,A,Minor,84,64,39,3,0,11,4
"All The Way Live (Spider-Man: Across the Spider-Verse) (Metro Boomin & Future, Lil Uzi Vert)","Future, Lil Uzi Vert, Metro Boomin",2023-06-02,37126685,135,A,Minor,77,28,55,18,0,22,15
Eyes Closed,Ed Sheeran,2023-03-23,195576623,107,D,Major,78,39,53,30,0,11,6
Escapism.,"RAYE, 070 Shake",2022-10-12,532336353,96,D,Major,54,25,74,14,0,9,11
La Jumpa,"Arcangel, Bad Bunny",2022-11-30,538115192,123,G#,Major,71,58,70,30,0,32,19
Karma (feat. Ice Spice),"Taylor Swift, Ice Spice",2023-05-26,46142772,90,G#,Major,62,7,62,6,0,58,6
Superhero (Heroes & Villains) [with Future & Chris Brown],"Future, Chris Brown, Metro Boomin",2022-12-02,401036314,117,F,Minor,72,45,59,14,0,20,21
Las Morras,"BLESSD, Peso Pluma",2023-04-04,127026613,133,A,Minor,78,90,84,31,0,7,4
CHORRITO PA LAS ANIMAS,Feid,2022-12-02,345031710,96,G#,Minor,74,61,83,11,0,35,6
Ch y la Pizza,"Fuerza Regida, Natanael Cano",2022-12-01,288101651,149,G#,Major,66,85,60,40,0,14,13
Snow On The Beach (feat. More Lana Del Rey),"Lana Del Rey, Taylor Swift",2023-05-26,60350538,110,F#,Minor,66,32,40,81,0,11,3
Players,Coi Leray,2022-11-30,335074782,105,F#,Major,95,62,52,3,0,5,16
Bite Me,ENHYPEN,2023-05-22,76767396,105,C#,Major,80,69,78,28,0,11,14
Stand By Me (feat. Morgan Wallen),"Lil Durk, Morgan Wallen",2023-05-26,46065667,134,B,Major,76,61,58,6,0,16,3
Normal,Feid,2022-07-08,459276435,170,E,Minor,71,59,56,4,0,27,12
Hummingbird (Metro Boomin & James Blake),"James Blake, Metro Boomin",2023-06-02,39666245,81,F#,Major,59,26,60,46,1,25,13
Seu Brilho Sumiu - Ao Vivo,"Israel & Rodolffo, Mari Fernandez",2023-03-01,138517666,154,F#,Major,63,75,92,31,0,91,5
Bad Habit,Steve Lacy,2022-06-29,822633917,169,C#,Major,69,69,51,63,0,38,4
CUFF IT,Beyoncï¿,2022-07-29,595900742,115,G,Major,78,64,69,4,0,7,14
Lilith (feat. SUGA of BTS) (Diablo IV Anthem),"Halsey, Suga",2023-06-05,51985779,84,A,Minor,43,14,74,1,0,19,8
69,"Nicky Jam, Feid",2023-05-18,57945987,93,G#,Major,79,58,62,11,0,11,23
Niï¿½ï¿½a Bo,"Sean Paul, Feid",2023-04-21,115010040,91,G,Major,82,47,62,10,0,10,15
Search & Rescue,Drake,2023-04-07,175097833,142,A#,Minor,82,54,44,6,0,33,7
AMERICA HAS A PROBLEM (feat. Kendrick Lamar),"Kendrick Lamar, Beyoncï¿",2023-05-19,57089066,126,C#,Major,78,20,70,1,0,16,4
Lavender Haze,Taylor Swift,2022-10-21,488386797,97,A#,Major,73,10,44,26,0,16,8
"Link Up (Metro Boomin & Don Toliver, Wizkid feat. BEAM & Toian) - Spider-Verse Remix (Spider-Man: Across the Spider-Verse )","WizKid, Toian, Metro Boomin, Don Toliver, Beam",2023-06-02,32761689,101,F,Major,92,59,51,41,51,26,8
Efecto,Bad Bunny,2022-05-06,1047480053,98,G,Minor,80,23,48,14,0,6,5
Erro Gostoso - Ao Vivo,Simone Mendes,2023-01-27,153454328,154,F#,Major,59,63,89,18,0,80,9
Cupido,Tini,2023-02-14,217672943,120,A,Major,91,63,58,52,0,31,22
Just Wanna Rock,Lil Uzi Vert,2022-10-17,457184829,150,B,Major,49,4,55,7,0,6,3
Unstoppable,Sia,2016-01-21,939844851,174,A,Major,47,27,78,11,0,10,8
Until I Found You,Stephen Sanchez,2021-09-01,726434358,202,A#,Major,34,25,51,69,0,18,4
Rich Flex,"Drake, 21 Savage",2022-11-04,573633020,153,B,Minor,56,42,52,5,0,36,24
Easy On Me,Adele,2021-10-14,1406111294,142,F,Major,60,13,37,58,0,13,3
Cartï¿½ï¿½o B,"MC Caverinha, KayBlack",2023-05-11,71573339,108,A,Minor,84,55,47,26,0,20,64
Danger (Spider) (Offset & JID),"Offset, JID",2023-06-02,24975653,143,B,Major,83,25,69,4,0,23,12
Oi Balde - Ao Vivo,Zï¿½ï¿½ Neto & Crist,2023-02-14,145458418,108,D,Major,67,55,67,60,0,80,5
The Real Slim Shady,Eminem,2000-01-01,1424589568,104,F,Minor,95,78,66,3,0,4,6
MERCHO,"Migrantes, LiL CaKe, Nico Valdi",2022-12-16,231332117,93,F#,Minor,84,96,79,43,0,18,11
The Color Violet,Tory Lanez,2021-12-10,415932686,105,F#,Minor,65,46,53,16,0,9,5
Glimpse of Us,Joji,2022-06-10,988515741,170,G#,Major,44,27,32,89,0,14,5
Mejor Que Yo,"Mambo Kingz, DJ Luian, Anuel Aa",2023-05-04,50847624,178,C#,Minor,62,56,66,18,0,12,5
Curtains,Ed Sheeran,2023-05-05,39893489,176,F#,Minor,50,44,76,10,0,32,5
UNFORGIVEN (feat. Nile Rodgers),"Nile Rodgers, LE SSERAFIM",2023-05-01,92035115,104,E,Minor,80,38,88,11,0,11,5
Haegeum,Agust D,2023-04-21,118810253,85,G,Major,70,83,84,31,0,47,30
Conexï¿½ï¿½es de Mï¿½ï¿½fia (feat. Rich ,"Rich The Kid, Matuï¿",2023-04-30,77233241,117,F#,Minor,77,69,58,39,0,26,5
MIENTRAS ME CURO DEL CORA,Karol G,2023-02-24,206399629,80,,Major,52,57,48,86,0,15,39
Never Felt So Alone,Labrinth,2023-04-07,117747907,98,F,Major,44,36,41,50,0,38,5
X SI VOLVEMOS,"Karol G, Romeo Santos",2023-02-02,266624541,178,C#,Minor,79,58,78,34,0,11,25
ceilings,Lizzy McAlpine,2022-04-08,293186992,148,A,Major,51,27,33,48,0,22,3
Cupid,Fifty Fifty,2023-02-24,139681964,120,D,Major,77,94,66,65,0,38,3
I AM,IVE,2023-04-10,123132751,122,E,Minor,68,38,88,1,0,8,5
Cupid ï¿½ï¿½ï¿½ Twin Ver. (FIFTY FIFTY) ï¿½ï¿½ï¿½ Spe,sped up 8282,1997-01-01,103762518,144,F,Major,74,75,73,42,0,9,4
Shorty Party,"Cartel De Santa, La Kelly",2023-03-04,162887075,96,D,Major,93,47,47,33,0,10,36
Super,SEVENTEEN,2023-04-24,91221625,137,G#,Major,77,35,88,16,0,17,9
Slut Me Out,NLE Choppa,2022-04-22,190490915,121,F#,Minor,94,71,61,12,0,53,42
Double Fantasy (with Future),"The Weeknd, Future",2023-04-21,96180277,119,A,Minor,60,10,57,1,0,50,3
All Of The Girls You Loved Before,Taylor Swift,2019-08-23,185240616,96,D,Major,72,40,47,71,0,13,4
PROVENZA,Karol G,2022-04-21,885093467,111,C#,Major,87,53,52,66,1,11,5
Princess Diana (with Nicki Minaj),"Nicki Minaj, Ice Spice",2023-04-14,104992946,148,A,Major,90,74,68,14,0,10,19
Di Que Si,"Grupo Marca Registrada, Grupo Frontera",2023-02-03,147290338,182,A,Major,57,80,59,8,0,6,5
Shivers,Ed Sheeran,2021-09-09,1302184087,141,D,Major,79,82,86,28,0,4,9
Igualito a Mi Apï¿,"Fuerza Regida, Peso Pluma",2022-12-30,158950978,145,E,Minor,76,80,81,19,0,6,9
Shoong! (feat. LISA of BLACKPINK),"TAEYANG, Lisa",2023-04-25,76910644,110,B,Minor,76,26,70,1,0,41,6
Komang,Raim Laode,2022-08-16,137123880,134,G,Major,70,35,41,41,0,10,3
DESPECHï¿,ROSALï¿½,2022-07-28,782369383,130,G,Major,92,78,62,18,0,6,10
Made You Look,Meghan Trainor,2022-10-21,502574952,145,A#,Major,84,88,53,35,0,8,7
Watch This - ARIZONATEARS Pluggnb Remix,"sped up nightcore, ARIZONATEARS, Lil Uzi Vert",2023-02-05,207033255,130,B,Minor,69,36,90,1,10,15,4
No Se Va,Grupo Frontera,2022-04-28,404887295,173,,Major,59,69,53,12,0,23,3
Punto G,Quevedo,2022-11-04,381161027,92,B,Minor,75,55,76,25,0,10,15
Lovers Rock,TV Girl,2014-06-05,466231982,105,F,Minor,56,57,87,0,1,10,4
METAMORPHOSIS,INTERWORLD,2021-11-25,357580552,175,G,Minor,59,15,64,43,90,12,10
Mami Chula,"Quevedo, Jhayco",2023-04-27,61105704,120,G,Minor,80,33,70,22,0,9,4
En Paris,"El Chachito, Junior H",2022-12-24,198275403,139,D#,Minor,70,77,48,37,0,12,5
Set Me Free Pt.2,Jimin,2023-03-17,168448603,132,,Minor,59,56,82,12,0,12,6
I Was Never There,"The Weeknd, Gesaffelstein",2018-03-29,705469769,114,A#,Major,32,17,74,14,0,17,3
Don't ever say love me (feat. RM of BTS),"RM, Colde",2023-05-04,34502215,145,B,Minor,54,19,48,36,0,37,5
Shut Down,BLACKPINK,2022-09-16,482175240,110,,Major,82,67,69,0,0,18,4
Gato de Noche,"Nengo Flow, Bad Bunny",2022-12-22,304118600,94,G#,Major,89,61,66,17,0,36,16
Call Out My Name,The Weeknd,2018-03-29,1449799467,134,C#,Major,45,17,60,21,0,33,4
Like Crazy (English Version),Jimin,2023-03-24,173627354,120,G,Major,62,32,76,0,0,39,4
Rosa Pastel,"Jasiel Nuï¿½ï¿½ez, Peso P",2023-02-02,90025258,123,G,Minor,70,86,68,24,0,11,4
Sunroof,"Nicky Youre, Dazy",2021-12-03,652704649,131,A#,Major,77,84,71,35,0,15,4
Lose Yourself - Soundtrack Version,Eminem,2002-01-01,1829992958,171,D,Major,70,6,73,1,0,36,26
Superman,"Eminem, Dina Rae",2002-05-26,655466831,130,E,Minor,80,64,76,2,0,20,6
Mas Rica Que Ayer,"Mambo Kingz, DJ Luian, Anuel Aa",2023-03-02,146409671,94,B,Major,82,53,67,34,0,9,8
People Pt.2 (feat. IU),"IU, Agust D",2023-04-07,95816024,89,G,Minor,73,44,57,39,0,32,6
REMIX EXCLUSIVO,Feid,2023-03-17,117206995,87,F,Minor,65,71,56,4,0,15,20
"Arcï¿½ï¿½ngel: Bzrp Music Sessions, Vol","Arcangel, Bizarrap",2023-03-22,100409613,124,B,Minor,72,79,78,55,0,15,30
DOGTOOTH,"Tyler, The Creator",2023-03-27,80758350,78,G#,Major,71,80,65,51,0,22,32
10:35,"Tiï¿½ï¿½sto, Tate M",2022-11-01,325592432,120,G#,Major,70,70,79,7,0,18,10
SORRY NOT SORRY,"Tyler, The Creator",2023-03-31,58473276,96,F#,Minor,48,50,80,40,0,37,20
HAPPY,NF,2023-03-25,52722996,106,G,Major,73,22,86,31,0,12,4
La Bebe,Yng Lvcas,2021-12-24,191945597,170,D,Minor,78,75,46,62,0,12,35
I Know - PR1SVX Edit,"Kanii, PR1ISVX",2023-03-24,77377503,134,B,Minor,67,11,76,8,47,30,7
Late Night Talking,Harry Styles,2022-05-20,743693613,115,A#,Major,71,90,73,30,0,11,5
Leï¿½,Marï¿½ï¿½lia Mendo,2022-12-09,267789608,130,F#,Major,74,79,87,45,0,30,3
Save Your Tears (with Ariana Grande) (Remix),"Ariana Grande, The Weeknd",2020-03-20,1221813483,118,,Major,65,63,79,3,0,10,3
Something in the Orange,Zach Bryan,2022-04-22,449701773,110,G,Major,59,22,38,42,0,12,3
VOID,Melanie Martinez,2023-03-29,67070410,100,A,Major,72,42,66,18,4,19,4
Dijeron Que No La Iba Lograr,"Fuerza Regida, Chino Pacas",2023-03-14,116334601,142,G,Minor,70,76,79,26,0,11,7
Midnight Rain,Taylor Swift,2022-10-21,433356509,140,,Major,64,18,37,72,0,12,7
If We Ever Broke Up,Mae Stephens,2023-02-10,165584767,116,G,Major,90,96,73,62,0,9,4
You Proof,Morgan Wallen,2022-05-13,367814306,120,A,Major,73,64,85,25,0,61,3
LA INOCENTE,"Feid, Mora",2022-04-01,477033549,92,F,Minor,76,46,79,31,0,7,6
Malas Decisiones,Kenia OS,2022-10-26,156214700,110,G#,Minor,81,64,79,5,0,31,3
Murder In My Mind,Kordhell,2022-01-21,448843705,120,A#,Major,71,57,97,1,0,13,11
Gangsta's Paradise,"Coolio, L.V.",1995-07-11,1357608774,80,G#,Major,63,40,61,9,0,56,6
CAIRO,"Karol G, Ovy On The Drums",2022-11-13,294352144,115,F,Minor,95,43,69,47,0,9,31
I Love You So,The Walters,2014-11-28,972164968,76,A#,Major,58,46,67,65,0,13,4
Dark Red,Steve Lacy,2017-02-20,920045682,172,F#,Major,60,77,78,45,0,12,6
Say You Won't Let Go,James Arthur,2016-09-09,2420461338,99,A#,Major,40,45,56,69,0,9,5
The Hills,The Weeknd,2015-05-27,1947371785,136,,Minor,36,12,57,9,0,14,8
Heart To Heart,Mac DeMarco,2019-05-10,244658767,150,G#,Minor,90,64,14,67,35,11,10
Peaches (from The Super Mario Bros. Movie),Jack Black,2023-04-07,68216992,92,A#,Minor,71,41,31,79,0,10,5
Marisola - Remix,"Duki, NICKI NICOLE, Cris Mj, Standly, Stars Music Chile",2022-12-15,223582566,95,C#,Major,77,72,87,17,0,7,5
LOKERA,"Brray, Rauw Alejandro, Lyanno",2022-07-25,471819764,102,B,Minor,83,58,83,21,0,10,5
Low,SZA,2022-12-09,272377463,145,,Minor,70,34,55,43,0,16,6
Numb,Linkin Park,2003-03-24,1361425037,110,A,Major,50,24,86,0,0,64,4
Tormenta (feat. Bad Bunny),"Gorillaz, Bad Bunny",2023-02-24,149778242,95,,Major,64,30,77,46,0,38,6
on the street (with J. Cole),"j-hope, J. Cole",2023-03-03,116599790,94,B,Minor,68,81,82,53,0,9,13
One Thing At A Time,Morgan Wallen,2022-12-02,148469433,142,G,Major,61,92,91,0,0,26,3
Miss You,"Robin Schulz, Oliver Tree",2022-08-05,497225336,145,F#,Minor,59,20,74,1,0,15,5
Ainï¿½ï¿½ï¿½t Tha,Morgan Wallen,2023-03-03,88791109,121,F#,Minor,64,67,80,0,0,36,3
Thinkinï¿½ï¿½ï¿½ B,Morgan Wallen,2023-03-03,125917280,140,D#,Minor,66,43,76,49,0,12,3
Private Landing (feat. Justin Bieber & Future),"Don Toliver, Future, Justin Bieber",2023-02-23,105062254,137,C#,Minor,84,44,67,8,0,11,6
Everything I Love,Morgan Wallen,2023-01-31,95623148,104,G#,Major,56,72,85,0,0,15,3
Heaven,Niall Horan,2023-02-17,144584800,92,F,Major,57,68,76,7,0,33,3
LET GO,Central Cee,2022-12-15,298063749,146,D,Minor,74,51,45,86,0,21,38
Sial,Mahalini,2023-01-23,166570053,120,D,Major,56,20,43,89,0,12,4
I Wrote The Book,Morgan Wallen,2023-01-31,83021468,144,D,Major,68,83,81,9,0,8,4
"Apna Bana Le (From ""Bhediya"")","Arijit Singh, Sachin-Jigar",2022-11-05,139836056,94,A,Major,59,44,56,80,0,6,3
SPIT IN MY FACE!,ThxSoMch,2022-10-31,303216294,94,G#,Major,73,65,79,5,2,11,6
PLAYA DEL INGLï¿½,"Myke Towers, Quevedo",2022-12-15,221409663,113,G,Minor,79,66,74,8,0,11,5
Man Made A Bar (feat. Eric Church),"Morgan Wallen, Eric Church",2023-03-03,58890931,148,E,Major,50,49,76,12,0,12,3
Red Ruby Da Sleeze,Nicki Minaj,2023-03-03,81419389,98,C#,Major,70,29,73,12,0,11,26
Kahani Suno 2.0,Kaifi Khalil,2022-05-31,156777415,140,B,Major,58,26,38,91,0,10,4
Nobody Gets Me,SZA,2022-12-09,284908316,100,G,Major,36,28,28,81,0,18,3
PERO Tï¿,"Karol G, Quevedo",2023-02-23,93438910,140,F#,Major,86,68,79,39,0,11,29
Hype Boy,NewJeans,2022-08-01,363472647,100,E,Minor,59,78,94,27,0,29,23
Bloody Mary,Lady Gaga,2011-01-01,372476382,100,A,Minor,59,49,65,2,0,13,3
Monotonï¿½,"Ozuna, Shakira",2022-10-19,380726517,132,,Minor,87,82,70,42,0,21,5
ýýý98 Braves,Morgan Wallen,2023-03-03,56533272,142,D,Major,49,48,67,10,0,26,3
WANDA,Quevedo,2023-01-20,175399345,176,E,Minor,72,96,63,25,0,21,7
Thought You Should Know,Morgan Wallen,2022-05-06,203221468,140,F#,Major,53,51,70,49,0,14,3
In The End,Linkin Park,2000-10-24,1624165576,105,D#,Minor,55,40,90,1,0,32,6
Zona De Perigo,Leo Santana,2022-12-08,134294498,135,F,Major,81,97,77,75,0,35,3
Lovezinho,Treyce,2022-07-28,70069745,128,E,Minor,82,61,59,30,0,12,4
I Like You (A Happier Song) (with Doja Cat),"Post Malone, Doja Cat",2022-06-03,609293408,101,F,Major,74,43,69,12,0,12,7
Neverita,Bad Bunny,2022-05-06,671365962,122,A#,Major,88,43,50,7,0,14,5
Vista Al Mar,Quevedo,2022-09-08,362361576,105,,Minor,76,49,56,80,12,10,13
Sem Alianï¿½ï¿½a no ,"MC Xenon, Os Gemeos da Putaria",2022-12-23,93587665,83,C#,Major,53,40,36,73,0,11,33
Enemy (with JID) - from the series Arcane League of Legends,"Imagine Dragons, League of Legends, JID, Arcane",2021-09-03,1223481149,77,B,Minor,72,59,76,24,0,42,28
Revenge,XXXTENTACION,2017-08-25,1022258230,140,B,Minor,75,18,25,78,0,11,26
Bombonzinho - Ao Vivo,"Israel & Rodolffo, Ana Castela",2022-11-03,263453310,158,C#,Major,65,72,95,31,0,92,5
LA CANCIï¿½,"J Balvin, Bad Bunny",2019-06-28,1435127549,176,G,Major,75,43,65,15,0,11,32
Quï¿½ï¿½ Ago,"Yuridia, Angela Aguilar",2022-10-20,236857112,98,B,Major,73,88,57,56,0,5,2
Love Again,The Kid Laroi,2023-01-27,147538971,107,B,Minor,66,47,40,72,0,11,3
After Hours,The Weeknd,2020-02-19,698086140,109,F,Minor,66,16,57,10,1,12,3
About Damn Time,Lizzo,2022-07-15,723894473,109,A#,Minor,84,72,74,10,0,34,7
Born With A Beer In My Hand,Morgan Wallen,2023-03-03,34450974,148,,Major,53,61,81,5,0,36,4
ýýýýýýýýýýýýýýýýýýýýý,Fujii Kaze,2020-05-20,403097450,158,F#,Minor,60,52,76,17,0,19,5
Besos Moja2,"Wisin & Yandel, ROSALï¿½",2022-09-29,309483971,94,F,Minor,74,64,73,6,0,10,6
Maan Meri Jaan,King,2022-10-12,319566866,96,F#,Minor,70,40,51,35,0,10,4
Moscow Mule,Bad Bunny,2022-05-06,909001996,100,F,Minor,80,29,67,29,0,12,3
My Universe,"Coldplay, BTS",2021-09-24,1061966512,105,A,Major,58,42,68,1,0,14,4
Devil Donï¿½ï¿½ï¿½,Morgan Wallen,2023-03-03,32526947,125,,Major,53,32,66,38,0,9,3
LLYLM,ROSALï¿½,2023-01-27,124988687,170,F#,Minor,56,56,63,13,0,19,27
I'm Not Here To Make Friends,"Sam Smith, Calvin Harris, Jessie Reyez",2023-01-27,103787664,115,,Major,70,84,90,17,0,41,6
TRUSTFALL,P!nk,2023-01-27,134255790,122,G#,Major,64,25,89,0,0,15,9
ANTIFRAGILE,LE SSERAFIM,2022-10-17,301051721,105,A#,Minor,88,82,80,8,0,11,8
Boy's a liar,PinkPantheress,2022-11-30,156338624,133,F,Major,66,74,84,25,0,21,4
VIBE (feat. Jimin of BTS),"TAEYANG, Jimin",2023-01-13,152850295,100,,Major,79,60,68,7,0,26,4
Shirt,SZA,2022-10-28,309653982,120,D#,Minor,82,55,45,15,3,9,10
Lift Me Up - From Black Panther: Wakanda Forever - Music From and Inspired By,Rihanna,2022-10-28,297328960,177,A,Major,25,17,30,90,0,13,3
STAR WALKIN' (League of Legends Worlds Anthem),Lil Nas X,2022-09-22,332506354,142,D,Minor,64,31,72,15,0,9,5
"Sex, Drugs, Etc.",Beach Weather,2016-11-04,480507035,144,E,Minor,57,47,84,1,1,52,4
Boy With Luv (feat. Halsey),"Halsey, BTS",2019-04-12,1065580332,120,B,Minor,65,80,86,9,0,19,10
"Hey, Mickey!",Baby Tate,2016-09-27,122763672,135,D,Major,92,73,51,55,0,15,6
Calm Down,Rï¿½ï,2022-02-09,445763624,107,B,Major,81,82,78,38,0,12,4
Jhoome Jo Pathaan,"Arijit Singh, Vishal Dadlani, Sukriti Kakar, Vishal-Shekhar, Shekhar Ravjiani, Kumaar",2022-12-22,1365184,105,G,Major,82,62,74,10,0,33,7
Escapism. - Sped Up,"RAYE, 070 Shake",2022-11-25,184308753,108,F#,Minor,44,38,77,9,0,9,20
Space Song,Beach House,2015-01-01,789753877,147,,Minor,51,62,79,22,13,14,3
Dreamers [Music from the FIFA World Cup Qatar 2022 Official Soundtrack],"BTS, Jung Kook, FIFA Sound",2022-11-20,323358833,115,,Major,71,34,88,16,0,44,4
Te Felicito,"Shakira, Rauw Alejandro",2022-04-21,606361689,174,F,Major,70,57,64,23,0,8,32
Muï¿½ï¿½,"Steve Aoki, Tini, La Joaqui",2023-01-12,120972253,90,A#,Minor,68,83,71,3,0,31,8
TV,Billie Eilish,2022-07-21,338564981,141,E,Minor,41,9,25,84,1,14,4
I'm Not The Only One,Sam Smith,2014-01-01,1606986953,82,F,Major,68,50,49,56,0,8,4
Heather,Conan Gray,2020-03-20,1301799902,92,F,Major,47,25,43,62,0,32,3
"Besharam Rang (From ""Pathaan"")","Vishal-Shekhar, Shilpa Rao, Caralisa Monteiro, Kumaar, Vishal Dadlani, Shekhar Ravjiani",2022-12-12,140187018,116,G#,Minor,77,65,80,6,0,15,4
One Kiss (with Dua Lipa),"Calvin Harris, Dua Lipa",2017-06-02,1897517891,124,A,Minor,79,59,86,4,0,8,11
Sugar Rush Ride,TOMORROW X TOGETHER,2023-01-27,107642809,125,A#,Minor,71,83,89,1,0,17,9
Pink Venom,BLACKPINK,2022-08-19,551305895,90,,Major,80,71,69,2,0,27,10
WAIT FOR U (feat. Drake & Tems),"Drake, Future, Tems",2022-04-27,556585270,83,C#,Major,46,34,64,31,0,7,34
Don't Start Now,Dua Lipa,2019-10-31,2303033973,124,B,Minor,79,68,79,1,0,10,8
After Dark,Mr.Kitty,2014-08-08,646886885,140,G#,Major,58,4,60,7,41,8,3
Eu Gosto Assim - Ao Vivo,"Gustavo Mioto, Mari Fernandez",2022-09-16,222612678,154,,Major,64,61,91,15,0,72,4
INDUSTRY BABY (feat. Jack Harlow),"Jack Harlow, Lil Nas X",2021-07-23,1814349763,150,D#,Minor,74,89,70,2,0,5,6
MIDDLE OF THE NIGHT,Elley Duhï¿,2020-01-10,872137015,186,E,Minor,41,9,61,2,0,12,5
Atlantis,Seafret,2015-04-22,571386359,166,G#,Minor,40,23,48,5,0,12,3
PUNTO 40,"Baby Rasta, Rauw Alejandro",2022-09-22,304079786,107,,Major,87,20,83,0,4,31,9
Evoque Prata,"DJ Escobar, MC MENOR SG, MC MENOR HR",2022-09-09,174006928,87,G,Major,87,52,52,31,0,28,24
How Do I Say Goodbye,Dean Lewis,2022-08-05,284785823,82,G#,Major,40,39,64,21,0,7,7
Blind,SZA,2022-12-09,163284000,114,A,Minor,46,60,28,91,0,21,4
Die For You,Joji,2022-11-04,246390068,148,G#,Major,47,15,52,38,13,29,5
Doja,Central Cee,2022-07-20,482257456,140,F#,Major,91,97,57,38,0,40,29
Gatita,Bellakath,2022-10-03,168684524,101,G,Major,90,76,81,15,24,33,6
Rumble,"Skrillex, Flowdan, Fred again..",2022-01-17,78489819,140,C#,Minor,81,6,84,5,23,6,6
Niagara Falls (Foot or 2) [with Travis Scott & 21 Savage],"Travis Scott, 21 Savage, Metro Boomin",2022-12-02,195516622,88,G,Minor,49,24,66,19,0,18,29
Yonaguni,Bad Bunny,2021-06-04,1260594497,180,C#,Major,64,44,65,28,0,14,12
Super Freaky Girl,Nicki Minaj,2022-08-12,428685680,133,D,Major,95,91,89,6,0,31,24
Running Up That Hill (A Deal With God),Kate Bush,1985-09-16,1024858327,108,A#,Minor,63,20,55,72,0,6,6
Dream On,Aerosmith,1973-01-05,838586769,80,F,Minor,39,24,43,39,0,23,3
Limbo,Freddie Dredd,2022-08-11,199386237,75,B,Minor,80,46,62,3,6,11,46
Where Are You Now,"Lost Frequencies, Calum Scott",2021-07-30,972509632,121,F#,Minor,67,26,64,52,0,17,10
WORTH NOTHING,"Twisted, Oliver Tree",2022-09-28,213438580,140,D,Minor,58,17,62,18,0,20,8
Bad Habits,Ed Sheeran,2020-09-03,1555511105,126,B,Minor,81,59,90,5,0,36,3
KICK BACK,Kenshi Yonezu,2022-10-12,210038833,102,C#,Major,58,29,94,0,0,9,11
Evergreen (You Didnï¿½ï¿½ï¿½t Deserve Me A,Omar Apollo,2022-04-08,227918678,82,A,Major,70,31,34,60,1,11,4
Good Days,SZA,2020-12-24,826623384,121,C#,Minor,46,53,78,23,0,72,6
Levitating (feat. DaBaby),"Dua Lipa, DaBaby",2020-03-27,1802514301,103,F#,Minor,70,92,83,1,0,7,6
Woman,Doja Cat,2021-06-25,1329090101,108,F,Minor,82,88,76,9,0,12,9
Shut up My Moms Calling - (Sped Up),Hotel Ugly,2022-09-14,181831132,85,F,Minor,65,36,47,31,0,12,10
Ferrari,"James Hype, Miggy Dela Rosa",2022-03-14,462791599,125,C#,Minor,84,70,69,1,0,5,5
"You're On Your Own, Kid",Taylor Swift,2022-10-21,348647203,120,D,Major,69,40,39,41,0,13,6
"Kesariya (From ""Brahmastra"")","Pritam, Arijit Singh, Amitabh Bhattacharya",2022-07-17,366599607,94,,Major,58,44,57,57,0,10,3
Agudo Mï¿½ï¿½gi,"Styrx, utku INC, Thezth",1930-01-01,90598517,130,F#,Minor,65,49,80,22,4,7,5
Payphone,"Maroon 5, Wiz Khalifa",2012-01-01,1479264469,110,E,Major,74,51,74,2,0,29,4
All I Want for Christmas Is You,Mariah Carey,1994-10-28,1449779435,150,G,Major,34,33,63,16,0,7,4
Last Christmas,Wham!,1984-01-01,1159176109,107,B,Minor,74,88,65,28,0,46,3
Rockin' Around The Christmas Tree,Brenda Lee,1958-01-01,769213520,140,G#,Major,70,85,41,71,0,45,5
Jingle Bell Rock,Bobby Helms,1957-01-01,741301563,119,D,Major,74,78,37,84,0,6,3
It's Beginning To Look A Lot Like Christmas,Michael Bublï¿,2011-10-14,807561936,93,E,Major,35,38,23,91,0,29,3
Santa Tell Me,Ariana Grande,2013-12-13,834129063,133,G,Major,46,53,63,5,0,30,18
It's the Most Wonderful Time of the Year,Andy Williams,1963-10-14,663832097,202,G,Major,24,76,60,77,0,12,4
Let It Snow! Let It Snow! Let It Snow!,Dean Martin,1959-11-16,446390129,134,C#,Major,45,72,24,91,0,18,4
Snowman,Sia,2017-01-01,690104769,105,C#,Major,72,33,51,48,0,9,3
Underneath the Tree,Kelly Clarkson,2013-10-25,485285717,160,G#,Major,51,69,81,0,0,21,5
Feliz Navidad,Josï¿½ï¿½ Felic,1970-11-01,520034544,148,D,Major,50,96,82,47,0,34,4
Holly Jolly Christmas,Michael Bublï¿,2011-10-14,476244795,151,G,Major,65,70,47,87,0,9,4
Mistletoe,Justin Bieber,2011-01-01,629173063,162,F#,Minor,67,88,54,51,0,9,4
Sleigh Ride,The Ronettes,1963-11-22,404664135,92,D,Major,53,84,77,40,0,32,3
Seek & Destroy,SZA,2022-12-09,98709329,152,C#,Major,65,35,65,44,18,21,7
Love Language,SZA,2022-12-09,110849052,65,A,Minor,71,55,26,85,0,13,8
Happy Xmas (War Is Over),"John Lennon, The Harlem Community Choir, The Plastic Ono Band, Yoko Ono",1971-12-01,460492795,147,D,Major,33,39,61,32,0,77,3
Used (feat. Don Toliver),"SZA, Don Toliver",2022-12-08,94005786,150,A#,Minor,73,71,69,53,0,32,9
A Holly Jolly Christmas - Single Version,Burl Ives,1952-01-01,395591396,140,,Major,67,81,36,64,0,15,3
The Christmas Song (Merry Christmas To You) - Remastered 1999,Nat King Cole,1946-11-01,389771964,139,C#,Major,36,22,15,84,0,11,4
Wonderful Christmastime - Edited Version / Remastered 2011,Paul McCartney,1979-11-16,403939487,95,B,Major,75,74,58,36,0,9,3
Do They Know It's Christmas? - 1984 Version,Band Aid,1984-11-25,481697415,115,,Major,60,23,57,0,2,27,3
Ghost in the Machine (feat. Phoebe Bridgers),"SZA, Phoebe Bridgers",2022-12-09,110073250,125,F#,Major,62,59,43,84,3,11,5
Special,SZA,2022-12-09,88092256,76,,Major,60,19,20,78,0,11,5
Merry Christmas Everyone,Shakin' Stevens,1984-01-01,351636786,101,C#,Minor,72,91,87,14,0,13,3
Let It Snow! Let It Snow! Let It Snow!,"Frank Sinatra, B. Swanson Quartet",1950-01-01,473248298,143,D,Major,60,86,32,88,0,34,6
SOS,SZA,2022-12-09,73981293,119,G,Minor,51,51,66,67,0,9,23
Open Arms (feat. Travis Scott),"SZA, Travis Scott",2022-12-08,155653938,78,A,Major,67,22,59,76,1,15,16
White Christmas,"Bing Crosby, John Scott Trotter & His Orchestra, Ken Darby Singers",1942-01-01,395591396,96,A,Major,23,19,25,91,0,40,3
Driving Home for Christmas - 2019 Remaster,Chris Rea,1986-01-01,429504768,180,A,Major,51,87,58,36,0,18,4
Christmas (Baby Please Come Home),Darlene Love,1963-11-22,242767149,126,D#,Major,34,35,76,39,0,8,5
Gone Girl,SZA,2022-12-09,65362788,150,F,Major,43,42,44,57,0,15,6
F2F,SZA,2022-12-09,67540165,90,D,Major,53,47,74,9,0,34,4
Notice Me,SZA,2022-12-09,62019074,160,F,Major,72,78,68,28,0,11,12
Merry Christmas,"Ed Sheeran, Elton John",2017-11-10,135723538,114,,Major,59,60,94,24,0,10,4
It's Beginning to Look a Lot Like Christmas (with Mitchell Ayres & His Orchestra),"Perry Como, The Fontane Sisters, Mitchell Ayres & His Orchestra",1958-01-01,295998468,113,G,Major,73,72,32,77,0,15,5
My Only Wish (This Year),Britney Spears,2000-11-07,261116938,147,,Major,67,69,72,17,0,19,3
Antidepresan,"Mabel Matiz, Mert Demir",2022-11-04,136689549,100,B,Minor,70,92,59,3,0,10,3
Wild Flower (with youjeen),RM,2022-12-02,135611421,155,G#,Major,49,42,77,3,0,12,9
I Hate U,SZA,2021-12-03,356709897,107,G,Minor,54,41,39,51,0,11,16
Raindrops (Insane) [with Travis Scott],"Travis Scott, Metro Boomin",2022-12-02,110649992,112,G#,Major,80,15,54,9,0,38,5
SPIT IN MY FACE!,ThxSoMch,2022-10-31,301869854,166,C#,Major,70,57,57,9,20,11,7
Deck The Hall - Remastered 1999,Nat King Cole,1959-01-01,127027715,107,F#,Minor,69,96,36,81,0,8,4
Smoking on my Ex Pack,SZA,2022-12-09,57144458,81,G#,Major,47,33,68,24,0,22,38
Conceited,SZA,2022-12-09,56870689,150,C#,Major,79,77,46,5,0,11,7
Snow On The Beach (feat. Lana Del Rey),"Taylor Swift, Lana Del Rey",2022-10-21,323437194,110,A,Major,66,19,32,69,0,12,4
Maroon,Taylor Swift,2022-10-21,317726339,108,G,Major,64,4,40,6,0,10,6
Tubarï¿½ï¿½o Te,"Dj LK da Escï¿½ï¿½cia, Tchakabum, mc jhenny, M",2022-09-28,116144341,130,E,Minor,89,48,74,30,0,7,36
Bejeweled,Taylor Swift,2022-10-21,328207708,164,G,Major,70,39,56,6,0,9,7
Tarot,"Bad Bunny, Jhay Cortez",2022-05-06,608228647,114,B,Minor,80,42,68,2,0,66,4
You Make It Feel Like Christmas (feat. Blake Shelton),"Gwen Stefani, Blake Shelton",2005-09-20,180577478,93,F,Major,63,93,88,1,0,12,4
Desesperados,"Chencho Corleone, Rauw Alejandro",2021-06-25,809306935,90,C#,Minor,87,51,69,36,0,9,8
Too Late,SZA,2022-12-08,49262961,128,B,Major,45,35,68,78,0,39,8
Party,"Bad Bunny, Rauw Alejandro",2022-05-06,614555082,97,A,Major,83,47,80,2,0,24,9
Run Rudolph Run - Single Version,Chuck Berry,1958-01-01,245350949,152,G,Minor,69,94,71,79,0,7,8
Jingle Bells - Remastered 1999,Frank Sinatra,1957-01-01,178660459,175,G#,Major,51,94,34,73,0,10,5
Far,SZA,2022-12-09,51641685,116,D,Major,61,48,55,67,0,16,8
On Time (with John Legend),"John Legend, Metro Boomin",2022-12-02,78139948,80,F,Minor,33,51,59,76,0,44,6
GATï¿½ï¿½,"Maldy, Karol G",2022-08-25,322336177,93,B,Minor,63,34,86,26,0,21,39
ýýýabcdefu,Gayle,2021-08-13,1007612429,122,E,Major,70,42,54,30,0,37,5
Sacrifice,The Weeknd,2022-01-07,326792833,122,G,Major,70,91,79,3,0,7,10
Is There Someone Else?,The Weeknd,2022-01-07,391251368,135,A,Minor,70,60,58,4,0,16,3
Fingers Crossed,"Lauren Spencer Smith, Lauren Spencer Smith, Lauren Spencer Smith",2022-01-05,349585590,109,F,Major,60,45,47,62,0,31,5
Out of Time,The Weeknd,2022-01-07,339659802,93,,Minor,65,82,74,27,0,32,5
Do It To It,"Cherish, ACRAZE",2021-08-20,674772936,125,B,Minor,85,64,81,2,5,7,9
We Don't Talk About Bruno,"Adassa, Mauro Castillo, Stephanie Beatriz, Encanto - Cast, Rhenzy Feliz, Diane Guerrero, Carolina Gaitan",2021-11-19,432719968,206,,Minor,58,83,45,36,0,11,8
Pepas,Farruko,2021-06-24,1309887447,130,G,Major,76,44,77,1,0,13,3
How Do I Make You Love Me?,The Weeknd,2022-01-07,119238316,121,G,Minor,80,62,51,2,0,9,8
Gasoline,The Weeknd,2022-01-07,116903579,123,F#,Minor,74,35,73,0,0,21,5
Infinity,Jaymes Young,2017-06-23,888046992,122,B,Minor,67,50,67,15,0,30,4
Less Than Zero,The Weeknd,2022-01-07,200660871,143,,Major,53,50,79,0,0,8,3
Take My Breath,The Weeknd,2021-08-06,130655803,121,A#,Minor,70,35,77,1,0,26,4
good 4 u,Olivia Rodrigo,2021-05-14,1887039593,166,F#,Minor,56,68,66,28,0,11,18
"Here We Goï¿½ï¿½ï¿½ Again (feat. Tyler, the Cr","The Weeknd, Tyler, The Creator",2022-01-07,88103848,135,C#,Major,41,27,64,36,0,60,3
Best Friends,The Weeknd,2022-01-07,101114984,87,E,Minor,49,49,59,44,0,35,21
Kiss Me More (feat. SZA),"SZA, Doja Cat",2021-04-09,1575467011,111,G#,Major,77,74,66,30,0,13,3
I Heard You're Married (feat. Lil Wayne),"The Weeknd, Lil Wayne",2022-01-07,91656026,110,D,Major,75,85,84,10,0,31,19
Need To Know,Doja Cat,2021-06-11,1042568408,130,C#,Major,66,19,61,30,0,9,7
MONTERO (Call Me By Your Name),Lil Nas X,2020-09-18,1735441776,179,G#,Minor,61,76,51,30,0,38,15
love nwantiti (ah ah ah),Ckay,2019-07-26,726837877,93,F,Minor,74,53,73,61,0,13,4
Dawn FM,The Weeknd,2022-01-07,53933526,78,A,Minor,27,10,49,62,0,49,5
Surface Pressure,Jessica Darrow,2021-11-19,267758538,180,D,Major,65,37,58,2,0,4,31
Starry Eyes,The Weeknd,2022-01-07,74601456,86,A,Minor,28,13,41,50,0,19,3
THATS WHAT I WANT,Lil Nas X,2021-09-17,920797189,88,C#,Minor,74,55,85,1,0,5,22
One Right Now (with The Weeknd),"The Weeknd, Post Malone",2021-11-05,539595276,97,C#,Major,68,72,78,4,0,7,5
Beggin,Mï¿½ï¿½ne,2017-12-08,1367810478,134,B,Minor,71,59,80,13,0,36,5
Mon Amour - Remix,"Aitana, zzoilo",2020-09-21,578207856,116,D,Major,75,36,76,12,0,10,10
Lo Siento BB:/ (with Bad Bunny & Julieta Venegas),"Julieta Venegas, Bad Bunny, Tainy",2021-10-05,775542072,170,E,Minor,64,14,70,9,0,9,8
MONEY,Lisa,2021-09-10,863625566,140,C#,Minor,83,40,55,16,0,14,23
The Motto,"Tiï¿½ï¿½sto, Ava",2021-11-04,656013912,118,G,Minor,75,46,76,3,0,9,4
Happier Than Ever,Billie Eilish,2021-07-30,1056760045,65,,Major,31,31,24,76,0,14,4
Moth To A Flame (with The Weeknd),"The Weeknd, Swedish House Mafia",2021-10-22,611994237,120,,Minor,56,16,67,0,0,11,4
traitor,"Juan Cruz Toledo, Huilen Toledo",2021-05-21,1230855859,176,D#,Major,29,12,33,68,0,12,5
Toxic,BoyWithUke,2021-09-10,582981380,180,G#,Minor,59,69,61,84,0,46,36
drivers license,Olivia Rodrigo,2021-01-08,1858144199,144,A#,Major,59,21,43,76,0,10,7
Malvadï¿½ï¿,"Xamï¿½ï¿½, Gustah, Neo B",2021-11-30,240684449,133,F#,Minor,82,52,61,38,0,14,27
All Too Well (10 Minute Version) (Taylor's Version) (From The Vault),Taylor Swift,2021-11-12,583687007,93,,Major,63,21,52,28,0,9,3
Donï¿½ï¿½ï¿½t Break My,The Weeknd,2022-01-07,63803529,122,A#,Major,77,25,62,34,0,23,3
Oh My God,Adele,2021-11-19,466214729,88,C#,Major,53,55,73,9,0,3,5
Entre Nosotros (Remix) [con Nicki Nicole],"Lit Killah, Maria Becerra, Tiago pzk, NICKI NICOLE",2022-01-05,236940480,170,F,Minor,70,61,44,40,0,37,4
A Tale By Quincy,The Weeknd,2022-01-07,41924466,94,F,Minor,46,55,50,71,0,10,11
I AM WOMAN,Emmy Meli,2021-11-18,225259194,170,A#,Major,65,46,47,12,0,13,16
Medallo,"Justin Quiles, Lenny Tavï¿½ï¿½rez, BL",2021-10-27,393230256,90,E,Minor,79,79,70,57,0,66,8
It'll Be Okay,Shawn Mendes,2021-12-01,287201015,78,G,Major,40,7,29,62,0,9,3
Softcore,The Neighbourhood,2018-03-09,599770206,94,D,Major,57,36,58,5,0,15,3
Super Gremlin,Kodak Black,2021-10-30,342779426,73,D,Major,83,11,41,0,0,36,14
Volvï¿,"Aventura, Bad Bunny",2021-08-03,673801126,176,C#,Major,73,79,86,42,0,7,18
Todo De Ti,Rauw Alejandro,2020-11-02,1168642797,128,D#,Minor,81,57,63,40,1,10,4
Love Nwantiti - Remix,"Ckay, AX'EL, Dj Yo!",2019-08-30,540539717,120,G#,Major,58,44,60,44,9,5,6
Smokin Out The Window,"Bruno Mars, Anderson .Paak, Silk Sonic",2021-11-05,383550148,82,D,Major,63,85,62,6,0,35,4
Meet Me At Our Spot,"THE ANXIETY, Willow, Tyler Cole",2020-03-13,530511203,95,D,Major,77,40,47,2,0,9,3
Every Angel is Terrifying,The Weeknd,2022-01-07,37307967,118,,Major,44,52,94,11,0,4,29
Tacones Rojos,Sebastian Yatra,2021-10-22,510876816,123,B,Minor,75,93,86,8,0,14,3
Peaches (feat. Daniel Caesar & Giveon),"Justin Bieber, Daniel Caesar, Giveon",2021-03-19,1445941661,90,,Major,63,49,68,38,0,42,18
Dakiti,"Bad Bunny, Jhay Cortez",2020-10-30,1763363713,110,E,Minor,73,14,57,40,0,11,5
"Tiago PZK: Bzrp Music Sessions, Vol. 48","Bizarrap, Tiago pzk",2021-12-29,374191487,96,C#,Minor,66,76,82,47,0,10,32
Lï¿½ï¿½ï¿,Stromae,2022-01-09,108809090,88,D,Minor,56,58,55,35,0,23,11
Nostï¿½ï¿½l,"Chris Brown, Rvssian, Rauw Alejandro",2021-09-08,436695353,98,A,Minor,73,60,85,17,0,24,5
Better Days (NEIKED x Mae Muller x Polo G),"NEIKED, Mae Muller, Polo G",2021-09-24,421040617,110,,Minor,72,67,68,0,0,14,4
Life Goes On,Oliver Tree,2020-07-17,501541661,80,,Major,70,57,49,19,0,12,8
Sad Girlz Luv Money Remix (feat. Kali Uchis),"Kali Uchis, Amaarae, Moliy",2021-09-16,354065229,110,C#,Minor,86,31,53,43,0,11,6
Butter,BTS,2021-05-21,1143647827,110,G#,Major,79,70,36,0,0,6,11
pushin P (feat. Young Thug),"Young Thug, Future, Gunna",2022-01-07,311395144,78,C#,Minor,77,49,42,1,1,13,19
You Right,"Doja Cat, The Weeknd",2021-06-24,672656250,129,G#,Major,83,44,62,2,0,8,6
deja vu,Olivia Rodrigo,2021-04-01,1256880657,181,A,Major,44,22,60,61,0,42,9
Dynamite,BTS,2020-08-21,1692897992,114,F#,Minor,75,74,77,1,0,9,10
TO THE MOON,Jnr Choi,2021-11-05,245095641,144,D,Major,74,39,65,5,1,11,35
Lost in the Fire,"The Weeknd, Gesaffelstein",2019-01-11,686734357,101,D,Major,66,18,68,9,0,12,4
Salimo de Noche,"Trueno, Tiago pzk",2021-10-21,261414174,84,D,Major,67,78,63,29,0,12,5
Volando - Remix,"Sech, Bad Bunny, Mora",2021-07-08,610045621,154,F#,Major,66,63,69,21,0,11,7
Leave The Door Open,"Bruno Mars, Anderson .Paak, Silk Sonic",2021-03-05,1115880852,148,F,Major,59,72,62,18,0,9,3
Knife Talk (with 21 Savage ft. Project Pat),"Drake, Project Pat, 21 Savage",2021-09-03,594482982,146,F,Minor,85,22,37,13,0,7,30
Don't Be Shy,"Tiï¿½ï¿½sto, Kar",2021-08-01,566954746,120,B,Minor,77,51,79,20,0,26,6
Love Grows (Where My Rosemary Goes),Edison Lighthouse,1970-01-01,0,110,A,Major,53,75,69,7,0,17,3
LA FAMA (with The Weeknd),"The Weeknd, ROSALï¿½",2021-11-11,374706940,136,,Minor,77,82,30,95,0,13,5
The Family Madrigal,"Olga Merediz, Stephanie Beatriz, Encanto - Cast",2021-11-19,184937148,141,C#,Major,59,56,63,12,0,6,36
Phantom Regret by Jim,The Weeknd,2022-01-07,31959571,108,A,Minor,46,23,48,75,30,14,4
Dos Oruguitas,Sebastian Yatra,2021-11-19,167076418,94,,Major,42,47,36,76,0,9,5
Freaks,Surf Curse,2015-05-10,824420218,180,A,Major,35,41,94,0,63,5,5
Acapulco,Jason Derulo,2021-09-01,363467642,122,A#,Major,77,51,79,5,0,16,5
Daddy Issues,The Neighbourhood,2015-10-30,1127468248,85,A#,Major,59,33,52,7,15,12,3
thought i was playing,"21 Savage, Gunna",2022-01-07,60680939,148,C#,Major,68,29,73,0,0,7,7
ELEVEN,IVE,2021-12-01,247737946,120,A,Major,83,59,73,6,0,5,11
Mood (feat. Iann Dior),"24kgoldn, Iann Dior",2020-07-24,1699402402,91,G,Minor,70,76,72,22,0,27,4
What Else Can I Do?,"Stephanie Beatriz, Diane Guerrero",2021-11-19,154797871,120,E,Major,72,54,71,26,0,10,4
DANCE CRIP,Trueno,2021-11-17,198883004,106,,Major,86,86,79,11,0,8,9
Miserable Man,David Kushner,2022-01-07,124407432,110,A#,Major,63,31,35,93,0,29,3
happier,Olivia Rodrigo,2021-05-21,850608354,169,F#,Major,39,36,45,81,0,8,13
Praise God,Kanye West,2021-08-29,376333030,118,C#,Major,80,21,55,1,0,26,17
Get Into It (Yuh),Doja Cat,2021-06-25,516784627,92,G#,Minor,91,79,66,32,0,9,16
Before You Go,Lewis Capaldi,2019-11-01,1608045237,112,D#,Major,45,19,60,63,0,9,6
Sky,Playboi Carti,2020-12-25,506778838,140,D,Major,79,56,91,26,0,13,21
Rolling in the Deep,Adele,2010-11-29,1472799873,105,G#,Major,73,52,76,13,0,5,3
Sobrio,Maluma,2021-07-08,513643924,178,F,Major,76,63,77,14,0,15,22
Peru,"Ed Sheeran, Fireboy DML",2021-12-23,261286503,108,G,Minor,96,71,42,57,0,8,9
favorite crime,Olivia Rodrigo,2021-05-21,783706581,173,A,Major,40,19,29,86,0,34,4
Thunder,"Prezioso, Gabry Ponte, LUM!X",2021-05-07,422691058,101,C#,Major,67,40,90,3,0,34,6
The Business,Tiï¿½ï¿,2020-01-01,1062345656,120,G#,Minor,80,24,62,41,2,11,23
positions,Ariana Grande,2020-10-23,1252563873,144,,Major,73,66,80,44,0,9,12
I WANNA BE YOUR SLAVE,Mï¿½ï¿½ne,2021-03-19,851070493,133,C#,Major,75,96,61,0,0,18,4
Vai Lï¿½ï¿½ Em Casa ,"Marï¿½ï¿½lia Mendonï¿½ï¿½a, George Henrique &",2021-10-22,263894529,158,G#,Minor,46,62,83,53,0,97,28
The Feels,TWICE,2021-10-01,345903614,120,A,Major,81,92,90,9,0,8,7
HEARTBREAK ANNIVERSARY,Giveon,2020-02-21,951637566,129,,Major,61,59,46,56,0,13,5
No Lie,"Sean Paul, Dua Lipa",2016-11-18,956865266,102,G,Major,74,45,89,5,0,26,13
OUT OUT (feat. Charli XCX & Saweetie),"Charli XCX, Jax Jones, Joel Corry, Saweetie",2021-08-13,427486004,124,G#,Minor,79,79,84,2,0,5,5
Pope Is a Rockstar,SALES,2016-04-20,156658366,90,E,Minor,73,31,45,85,24,11,3
2055,Sleepy hallow,2021-04-14,624515457,161,F#,Minor,78,65,52,46,0,12,31
Bored,Billie Eilish,2017-03-30,777765388,120,G,Major,60,11,33,90,0,8,5
Happier Than Ever - Edit,Billie Eilish,2021-07-28,412795151,81,,Major,45,12,57,7,0,23,3
Astronaut In The Ocean,Masked Wolf,2019-01-01,1138474110,150,E,Minor,78,47,70,18,0,15,9
Ley Seca,"Anuel Aa, Jhay Cortez",2021-09-02,355219175,105,G#,Major,76,58,84,10,0,13,10
Every Summertime,NIKI,2021-08-10,290228626,79,F#,Major,63,76,67,38,0,6,4
Talking To The Moon,Bruno Mars,2010-10-04,1062956628,146,C#,Minor,52,7,61,51,0,11,3
you broke me first,Tate McRae,2020-04-17,1180094974,124,E,Major,64,8,37,79,0,9,5
The Nights,Avicii,2014-01-01,1456081449,126,F#,Major,53,66,85,2,0,24,4
Take My Breath,The Weeknd,2021-08-06,432702334,121,G#,Major,75,53,74,2,0,11,5
Way 2 Sexy (with Future & Young Thug),"Drake, Future, Young Thug",2021-09-03,489945871,136,B,Minor,80,33,60,0,0,32,14
Cï¿½ï¿½,Rauw Alejandro,2021-06-25,465959382,102,A,Minor,77,26,63,58,0,11,5
Enemy - from the series Arcane League of Legends,"Imagine Dragons, League of Legends, Arcane",2021-10-27,1223481149,77,G,Major,73,54,74,23,0,41,23
Dance Monkey,Tones and I,2019-05-10,2864791672,98,F#,Minor,82,54,59,69,0,18,10
Lucid Dreams,Juice WRLD,2017-06-15,2288695111,84,B,Minor,44,22,48,38,0,33,24
Quï¿½ï¿½ Mï¿½ï¿,"J Balvin, Maria Becerra",2021-01-28,720825549,102,G#,Major,89,77,82,3,0,17,11
All of Me,John Legend,2013-08-01,2086124197,120,G#,Major,42,33,26,92,0,13,3
Smells Like Teen Spirit - Remastered 2021,Nirvana,1991-09-10,1690192927,117,C#,Major,52,73,91,0,0,11,7
Arcade,Duncan Laurence,2019-03-07,991336132,72,A,Minor,45,27,33,82,0,14,4
Fair Trade (with Travis Scott),"Drake, Travis Scott",2021-09-03,593917618,168,C#,Major,67,29,47,5,0,22,26
Bar,"Tini, L-Gante",2021-11-11,200972675,94,C#,Major,52,68,69,13,0,33,8
The Rumbling (TV Size),SiM,2022-01-10,71014967,145,G#,Major,41,65,88,0,0,26,5
family ties (with Kendrick Lamar),"Kendrick Lamar, Baby Keem",2021-08-27,560222750,134,C#,Major,71,14,61,1,0,23,33
Mr. Brightside,The Killers,2003-09-23,1806617704,148,C#,Major,35,24,93,0,0,10,8
Blessed-Cursed,ENHYPEN,2022-01-10,77337771,127,E,Minor,60,40,89,9,0,60,6
AM Remix,"J Balvin, Nio Garcia, Bad Bunny",2021-06-24,528544703,172,F#,Minor,74,79,66,11,0,8,16
Streets,Doja Cat,2019-11-07,865640097,90,B,Major,75,19,46,21,4,34,8
Shallow,"Lady Gaga, Bradley Cooper",2018-09-27,2159346687,96,G,Major,57,30,40,38,0,26,3
Polaroid Love,ENHYPEN,2022-01-10,211372494,138,G,Minor,74,65,67,46,0,36,4
Leave Before You Love Me (with Jonas Brothers),"Marshmello, Jonas Brothers",2021-04-28,651732901,120,G,Major,72,67,72,0,0,13,4
Permission to Dance,BTS,2021-07-09,608334048,125,A,Major,70,65,74,1,0,34,4
Friday (feat. Mufasa & Hypeman) - Dopamine Re-Edit,"Riton, Nightcrawlers, Mufasa & Hypeman, Dopamine",2021-01-15,863756573,123,D,Major,82,80,86,1,0,30,13
RAPSTAR,Polo G,2021-04-09,797402345,81,F#,Major,79,44,54,41,0,13,24
'Till I Collapse,"Eminem, Nate Dogg",2002-05-26,1695712020,171,C#,Major,55,10,85,7,0,8,20
Memories,Maroon 5,2019-09-20,1759567999,91,B,Major,77,60,32,84,0,8,5
Se Le Ve,"Arcangel, De La Ghetto, Justin Quiles, Lenny Tavï¿½ï¿½rez, Sech, Dalex, Dimelo Flow, Rich Music",2021-08-12,223319934,84,G,Minor,56,61,76,10,0,14,11
25k jacket (feat. Lil Baby),"Gunna, Lil Baby",2022-01-07,54937991,115,F,Minor,90,74,54,16,0,13,28
When Iï¿½ï¿½ï¿½m Gone (with Katy ,"Katy Perry, Alesso",2021-12-29,226897599,125,,Major,69,70,89,4,0,49,3
Esqueï¿½ï¿½a-Me Se For C,"Marï¿½ï¿½lia Mendonï¿½ï¿½a, Maiara &",2021-10-14,258316038,122,F#,Minor,80,62,69,28,0,13,7
Miï¿½ï¿½n,"Tini, Maria Becerra",2021-04-29,596152090,92,D,Major,85,92,54,16,0,29,7
Sï¿½ï¿½,"Anuel Aa, Myke Towers, Jhay Cortez",2021-11-18,177129919,90,F#,Minor,63,75,75,17,0,11,8
MAMIII,"Karol G, Becky G",2022-02-10,716591492,94,E,Minor,84,90,70,9,0,14,8
Still D.R.E.,"Dr. Dre, Snoop Dogg",1999-01-01,1210599487,93,B,Major,81,53,78,18,0,6,24
Stay Alive (Prod. SUGA of BTS),Jung Kook,2022-02-11,246376690,130,D,Minor,51,50,76,30,0,10,7
Boyfriend,Dove Cameron,2022-02-11,496311364,180,G,Minor,35,23,61,23,0,19,6
The Joker And The Queen (feat. Taylor Swift),"Ed Sheeran, Taylor Swift",2022-02-11,146789379,134,,Major,53,31,31,92,0,28,3
The Next Episode,"Dr. Dre, Snoop Dogg",1999-01-01,843309044,95,D#,Minor,92,31,89,3,0,8,25
Light Switch,Charlie Puth,2022-01-19,500340342,184,F#,Major,69,91,63,11,0,9,31
City of Gods,"Kanye West, Alicia Keys, Fivio Foreign",2022-02-11,107255472,147,G#,Minor,47,50,80,10,0,32,38
Brividi,"Mahmood, Blanco",2022-02-02,135079152,123,G,Major,52,44,60,40,0,26,3
Lost,Frank Ocean,2012-01-01,822239726,123,A#,Minor,91,49,61,3,0,17,22
In Da Club,50 Cent,2002-01-01,1202722675,90,F#,Minor,90,79,71,26,0,7,37
she's all i wanna be,Tate McRae,2022-02-04,343197054,160,D,Minor,61,65,64,1,0,12,4
Ginseng Strip 2002,Yung Lean,2013-08-16,240769997,115,C#,Major,60,37,71,8,0,48,4
All For Us - from the HBO Original Series Euphoria,"Labrinth, Zendaya",2019-08-04,426204830,141,D#,Major,37,17,67,2,0,34,9
Notion,The Rare Occasions,2016-08-05,421135627,160,A,Major,31,30,88,7,0,8,8
Formula,Labrinth,2019-10-04,554875730,145,B,Major,57,23,66,4,6,15,4
Mount Everest,Labrinth,2019-06-21,467727006,89,,Minor,46,43,43,23,8,8,22
Excuses,"Intense, AP Dhillon, Gurinder Gill",2020-07-24,327498031,95,F,Minor,84,49,72,8,0,15,8
Cigarettes,Juice WRLD,2021-12-10,185408548,160,D,Major,60,47,62,3,0,38,4
"Cayï¿½ï¿½ La Noche (feat. Cruz Cafunï¿½ï¿½, Abhir Hathi, Bejo, EL IMA)","Quevedo, La Pantera, Juseph, Cruz Cafunï¿½ï¿½, Bï¿½ï¿½jo, Abhir Hathi",2022-01-14,245400167,174,F,Minor,67,74,75,44,0,7,30
California Love - Original Version (Explicit),"Dr. Dre, 2Pac, Roger",1995-12-28,579395142,92,G,Major,77,76,84,3,0,38,4
Forgot About Dre,"Eminem, Dr. Dre",1999-01-01,675039469,134,G#,Major,93,61,74,9,0,17,8
Down Under (feat. Colin Hay),"Luude, Colin Hay",2021-11-19,252871192,172,B,Minor,31,4,86,1,0,28,17
Mujeriego,Ryan Castro,2021-12-17,231996128,80,A,Major,76,92,62,6,0,8,13
HUMBLE.,Kendrick Lamar,2017-03-30,1929770265,150,C#,Minor,91,42,60,0,0,9,12
Stan,"Eminem, Dido",1999-11-21,918915401,80,F#,Minor,78,53,74,4,0,45,21
Contection,"GODZZ__-, Zakaria",2020-01-16,1180896317,166,A#,Minor,81,83,75,14,0,29,34
Swim,Chase Atlantic,2017-10-04,498960285,120,G#,Major,67,8,54,27,0,8,4
A Tu Merced,Bad Bunny,2020-02-29,685071800,92,,Major,86,89,79,17,0,11,6
Numb Little Bug,Em Beihold,2022-01-28,258714692,85,G#,Minor,74,61,52,30,0,26,9
212,"Mainstreet, Chefin",2022-01-15,143139338,154,D,Minor,79,86,52,66,0,9,7
Problemï¿½,"Alvaro Diaz, Rauw Alejandro",2021-10-22,209768491,92,D,Minor,73,37,74,28,0,14,6
Bussin,"Nicki Minaj, Lil Baby",2022-02-11,64714573,140,B,Major,89,75,70,6,0,13,5
Worst Day,Future,2022-02-11,50746620,89,C#,Major,65,60,60,11,0,10,40
Malvada,Zï¿½ï¿½ Fe,2022-01-28,154119539,135,F,Minor,89,89,86,16,0,8,5
Hrs and Hrs,Muni Long,2021-11-19,181328253,140,G#,Minor,51,66,53,60,0,11,18
Alien Blues,Vundabar,2015-07-24,370068639,82,D#,Major,47,44,76,8,91,9,3
Thinking Out Loud,Ed Sheeran,2014-01-01,2280566092,79,D,Major,78,58,45,47,0,18,3
Still Don't Know My Name,Labrinth,2019-10-04,563902868,88,F,Major,31,31,63,47,27,21,12
Christmas Tree,V,2021-12-24,317622165,139,F,Major,44,18,38,70,0,12,4
Mal Feito - Ao Vivo,"Marï¿½ï¿½lia Mendonï¿½ï¿½a, Hugo & G",2022-01-14,291709698,124,,Minor,73,68,83,55,0,90,7
When I R.I.P.,Labrinth,2019-10-04,203680270,80,G#,Minor,39,45,55,73,0,9,21
Do We Have A Problem?,"Nicki Minaj, Lil Baby",2022-02-04,81350745,120,C#,Minor,84,54,51,47,0,12,40
Forever,Labrinth,2019-10-04,282883169,80,E,Minor,56,19,46,92,72,11,3
Gospel (with Eminem),"Eminem, Dr. Dre",2022-02-04,64787943,117,C#,Major,92,62,86,11,0,24,24
Seï¿½ï¿½o,"Shawn Mendes, Camila Cabello",2019-06-19,2484812918,117,A,Minor,76,77,52,4,0,8,3
NEW MAGIC WAND,"Tyler, The Creator",2019-05-16,461437791,140,F,Minor,62,46,73,10,0,67,11
Adore You,Harry Styles,2019-12-06,1439191367,99,G#,Major,68,57,77,2,0,10,5
La Santa,"Daddy Yankee, Bad Bunny",2020-02-29,759208783,93,C#,Major,74,59,87,3,0,8,5
Something In The Way - Remastered 2021,Nirvana,1991-09-24,368646862,106,G#,Major,44,8,20,74,42,11,3
Sweetest Pie,"Dua Lipa, Megan Thee Stallion",2022-03-11,299634472,124,G,Major,81,68,63,17,0,10,22
Bam Bam (feat. Ed Sheeran),"Camila Cabello, Ed Sheeran",2022-03-04,756907987,95,G#,Major,76,96,70,18,0,33,4
Una Noche en Medellï¿½,Cris Mj,2022-01-21,682475162,96,A#,Minor,87,82,53,10,0,5,8
Envolver,Anitta,2021-11-11,546191065,92,E,Minor,81,40,73,15,0,9,8
Starlight,Dave,2022-03-03,229473310,124,G,Major,95,36,37,35,0,10,28
Hati-Hati di Jalan,Tulus,2022-03-03,202677468,72,F#,Major,64,76,44,70,9,12,4
"I'm Tired - From ""Euphoria"" An Original HBO Series",Labrinth,2022-02-04,121913181,71,,Minor,28,26,20,19,0,30,3
DANï¿½ï¿½A,"Mc Pedrinho, Pedro Sampaio",2022-02-01,208166039,135,A,Minor,78,55,57,4,0,10,8
Yo Voy (feat. Daddy Yankee),Zion & Lennox,2004-05-04,527033089,95,A#,Major,81,56,70,4,0,5,24
"Residente: Bzrp Music Sessions, Vol. 49","Residente, Bizarrap",2022-03-03,94616487,71,C#,Minor,59,70,74,56,0,11,40
Jordan,Ryan Castro,2021-04-30,394030335,180,A#,Minor,80,71,68,6,0,10,37
Nail Tech,Jack Harlow,2022-02-18,193443895,150,E,Minor,65,11,58,0,0,12,9
Chale,Eden Muï¿½ï,2022-02-18,299648208,189,G#,Major,55,86,44,40,0,7,4
DARARI,Treasure,2022-02-15,182978249,85,,Major,72,55,64,49,0,7,4
Ya No Somos Ni Seremos,Christian Nodal,2022-02-18,319757142,140,G,Major,59,73,45,44,0,34,3
Thinking with My Dick,"Kevin Gates, Juicy J",2013-07-16,109091573,81,,Major,77,68,70,6,0,17,20
Freaky Deaky,"Tyga, Doja Cat",2022-02-25,153240879,104,D,Minor,80,24,65,2,0,9,4
this is what falling in love feels like,JVKE,2021-09-03,346127840,129,B,Major,42,33,44,62,0,8,6
La Zona,Bad Bunny,2020-02-29,312622938,94,C#,Minor,76,81,80,20,0,25,4
Bohemian Rhapsody - Remastered 2011,Queen,1975-10-31,2197010679,71,,Minor,41,23,40,27,0,30,5
Hope,XXXTENTACION,2018-03-16,1200808494,146,A,Minor,59,23,46,66,0,15,6
Levitating,Dua Lipa,2020-03-27,797196073,103,F#,Minor,69,90,88,5,0,29,8
Wake Me Up - Radio Edit,Avicii,2013-01-01,1970673297,124,D,Major,53,66,78,0,0,16,5
"jealousy, jealousy",Olivia Rodrigo,2021-05-21,665765558,164,A#,Minor,70,71,58,24,0,7,13
Monï¿½ï¿½y so,YEAT,2021-09-10,263779030,138,D,Major,69,35,57,12,0,10,9
Demasiadas Mujeres,C. Tangana,2020-10-08,339473453,126,A,Minor,67,37,46,13,0,10,39
Something Just Like This,"The Chainsmokers, Coldplay",2017-02-22,2204080728,103,B,Minor,61,47,65,3,0,17,4
Closer,"The Chainsmokers, Halsey",2016-05-31,2591224264,95,G#,Major,75,64,52,41,0,11,3
O.O,NMIXX,2022-02-22,135444283,200,B,Minor,39,28,77,4,0,6,29
Somebody That I Used To Know,"Gotye, Kimbra",2011-01-01,1457139296,129,,Major,86,75,52,54,0,10,4
Tom's Diner,"AnnenMayKantereit, Giant Rooks",2019-06-28,236872197,98,F#,Minor,68,33,43,38,0,36,14
First Class,Jack Harlow,2022-04-08,694525298,107,G#,Major,91,32,56,3,0,11,10
Plan A,Paulo Londra,2022-03-23,240661097,174,,Major,58,56,83,5,0,7,4
Fuera del mercado,Danny Ocean,2022-02-17,421365166,92,G#,Major,45,27,67,32,0,13,14
X ï¿½ï¿½LTIMA,"Daddy Yankee, Bad Bunny",2022-03-25,349746291,90,G,Major,81,59,83,9,0,11,5
When You're Gone,Shawn Mendes,2022-03-31,255120451,147,F,Major,60,58,69,2,0,58,4
In My Head,Lil Tjay,2022-04-01,190981339,143,C#,Major,68,41,55,16,0,10,12
Wait a Minute!,Willow,2015-01-11,924193303,101,D#,Minor,76,63,71,3,0,10,3
LOVE DIVE,IVE,2022-04-05,305771063,118,C#,Minor,70,54,71,0,0,33,4
Pantysito,"Feid, Alejo, Robi",2022-03-18,273005485,98,G,Minor,83,63,74,14,0,16,6
Chance,Paulo Londra,2022-04-06,89566512,138,C#,Minor,72,22,46,24,0,9,6
Cool for the Summer,Demi Lovato,2015-01-01,677389855,114,F,Minor,59,30,62,1,0,8,4
psychofreak (feat. WILLOW),"Camila Cabello, Willow",2022-04-07,75476209,180,G,Minor,63,45,64,34,0,9,8
Angel Baby,Troye Sivan,2021-09-09,408843328,145,B,Major,56,41,57,1,0,13,3
Vampiro,"Matuï¿½ï¿½, Wiu, ",2022-01-30,187772591,115,G#,Minor,78,63,64,1,0,7,4
Si Quieren Frontear,"De La Ghetto, Duki, Quevedo",2022-03-31,178512385,82,A#,Major,79,48,84,13,0,21,23
Right On,Lil Baby,2022-04-08,101780047,166,D,Major,70,22,61,2,0,10,34
Me Arrepentï¿,"Ak4:20, Cris Mj, Pailita",2022-03-30,118381354,92,,Major,86,91,79,29,0,60,16
That's Hilarious,Charlie Puth,2022-04-08,146363130,108,F#,Major,71,55,44,74,0,11,6
Soy El Unico,Yahritza Y Su Esencia,2022-03-25,126443991,84,E,Minor,71,63,45,45,0,11,3
RUMBATï¿½,Daddy Yankee,2022-03-25,157990698,95,D#,Minor,69,90,91,6,0,35,4
sentaDONA (Remix) s2,"Luï¿½ï¿½sa Sonza, MC Frog, Dj Gabriel do Borel, Davi K",2022-03-17,176290831,135,D#,Minor,93,77,45,25,0,13,27
Falling,Harry Styles,2019-12-13,1023187129,110,E,Major,57,6,27,84,0,9,3
Sigue,"Ed Sheeran, J Balvin",1996-11-24,106933107,88,G,Major,89,59,64,5,0,19,7
Fim de Semana no Rio,teto,2022-03-30,139193812,119,C#,Minor,87,28,50,12,0,10,10
MANIAC,Stray Kids,2022-03-18,212234990,120,C#,Major,58,71,80,15,0,7,41
There's Nothing Holdin' Me Back,Shawn Mendes,2016-09-23,1714490998,122,D,Major,86,97,80,36,0,9,6
IDGAF (with blackbear),"Blackbear, BoyWithUke",2022-03-18,197643795,98,F,Major,78,83,75,41,0,27,8
Golden,Harry Styles,2019-12-13,807015863,140,E,Minor,45,25,84,21,0,13,6
Get Lucky - Radio Edit,"Pharrell Williams, Nile Rodgers, Daft Punk",2013-01-01,933815613,116,F#,Minor,79,87,81,4,0,10,4
Ain't Shit,Doja Cat,2021-06-25,499710590,124,D#,Major,86,62,49,51,0,35,21
"Nobody Like U - From ""Turning Red""","Jordan Fisher, Josh Levi, Finneas O'Connell, 4*TOWN (From Disney and Pixarï¿½ï¿½ï¿½s Turning Red), Topher Ngo, Grayson Vill",2022-02-25,120847157,105,A,Minor,91,73,72,13,0,9,15
Still Life,BIGBANG,2022-04-05,53909146,118,G#,Major,68,24,58,44,0,6,3
Photograph,Ed Sheeran,2014-06-20,2236667932,108,E,Major,61,20,38,61,0,10,5
Love Yourself,Justin Bieber,2015-11-09,2123309722,100,E,Major,61,53,38,84,0,28,44
N95,Kendrick Lamar,2022-05-13,301242089,140,D#,Minor,81,39,66,38,0,12,14
About Damn Time,Lizzo,2022-04-14,723894473,109,A#,Minor,84,72,74,10,0,34,7
Die Hard,"Kendrick Lamar, Blxst, Amanda Reifer",2022-05-13,237351106,101,C#,Minor,78,40,74,36,0,17,27
Despuï¿½ï¿½s de la P,Bad Bunny,2022-05-06,461558540,78,F,Major,56,61,90,36,0,18,31
Un Ratito,Bad Bunny,2022-05-06,417230415,93,,Minor,79,22,55,31,0,12,5
United In Grief,Kendrick Lamar,2022-05-13,156898322,87,G#,Major,52,32,83,24,0,17,43
Father Time (feat. Sampha),"Kendrick Lamar, Sampha",2022-05-13,127309180,153,A#,Minor,55,50,78,19,0,11,35
Yo No Soy Celoso,Bad Bunny,2022-05-06,313113297,142,,Major,87,93,59,28,0,17,5
Rich Spirit,Kendrick Lamar,2022-05-13,173702135,96,A#,Minor,85,41,43,39,0,12,21
Cooped Up (with Roddy Ricch),"Post Malone, Roddy Ricch",2022-05-12,271666301,125,,Major,50,39,78,4,0,11,33
Me Fui de Vacaciones,Bad Bunny,2022-05-06,305650299,85,A#,Major,71,43,65,23,0,9,5
Silent Hill,"Kendrick Lamar, Kodak Black",2022-05-13,123216717,140,C#,Minor,92,78,57,46,0,14,9
La Corriente,"Tony Dize, Bad Bunny",2022-05-06,479655659,196,B,Minor,66,58,79,23,0,22,20
Count Me Out,Kendrick Lamar,2022-05-13,126191104,134,G,Major,78,51,43,69,0,14,9
Andrea,"Buscabulla, Bad Bunny",2022-05-06,344055883,103,C#,Minor,80,45,62,76,0,10,38
Dos Mil 16,Bad Bunny,2022-05-06,338422004,130,C#,Major,82,50,67,12,0,13,5
We Cry Together,"Kendrick Lamar, Taylour Paige",2022-05-13,68895644,108,B,Major,65,52,69,31,0,8,36
Savior,"Kendrick Lamar, Sam Dew, Baby Keem",2022-05-13,86176890,123,G#,Major,61,66,71,53,0,32,46
Un Coco,Bad Bunny,2022-05-06,403231558,152,B,Major,84,74,69,21,0,18,6
Otro Atardecer,"Bad Bunny, The Marï¿½ï",2022-05-06,319546754,108,D,Major,78,55,60,59,0,7,4
Worldwide Steppers,Kendrick Lamar,2022-05-13,61739839,72,A#,Minor,56,56,47,76,0,8,36
Aguacero,Bad Bunny,2022-05-06,283359161,121,F#,Minor,86,67,65,42,0,35,7
Purple Hearts,"Kendrick Lamar, Ghostface Killah, Summer Walker",2022-05-13,76831876,138,D#,Minor,57,71,82,19,0,15,29
Un Verano Sin Ti,Bad Bunny,2022-05-06,283332261,188,F,Minor,50,41,50,69,0,12,6
ULTRA SOLO,"Polima WestCoast, Pailita",2022-02-14,307752576,110,C#,Major,80,26,85,23,0,11,21
Ensï¿½ï¿½ï¿½ï¿½ame ,Bad Bunny,2022-05-06,279737940,105,G#,Major,81,77,79,19,0,47,8
El Apagï¿½,Bad Bunny,2022-05-06,212351890,118,G#,Major,63,60,70,5,0,9,31
Callaita,"Bad Bunny, Tainy",2019-05-31,1304313953,176,D,Major,61,24,62,60,0,24,31
Dua Lipa,Jack Harlow,2022-05-06,150500965,158,B,Major,83,41,65,0,10,11,8
Agosto,Bad Bunny,2022-05-06,246127838,115,C#,Minor,85,72,58,9,0,49,12
House Of Memories,Panic! At The Disco,2016-01-15,582863434,110,B,Minor,51,48,82,0,0,5,3
Mr. Morale,"Kendrick Lamar, Tanna Leone",2022-05-13,58687425,174,A,Major,73,26,54,30,0,34,32
That That (prod. & feat. SUGA of BTS),"PSY, Suga",2022-04-29,212109195,130,E,Major,91,91,96,3,0,3,9
In The Stars,Benson Boone,2022-04-29,382199619,78,A#,Major,36,30,54,34,0,14,5
Rich - Interlude,Kendrick Lamar,2022-05-13,41210087,104,G,Major,44,74,42,88,0,9,9
SUPERMODEL,Mï¿½ï¿½ne,2022-05-13,231657891,121,G,Major,64,80,88,0,0,12,6
Stefania (Kalush Orchestra),KALUSH,2022-03-10,53729194,105,D,Major,83,32,82,14,0,12,4
Thousand Miles,The Kid Laroi,2022-04-22,244741137,81,G,Major,38,20,66,9,0,9,8
Crown,Kendrick Lamar,2022-05-13,42485571,170,C#,Minor,37,14,24,80,0,11,4
Auntie Diaries,Kendrick Lamar,2022-05-13,37778188,78,G,Major,43,60,38,76,1,48,38
PUFFIN ON ZOOTIEZ,Future,2022-04-29,254218729,125,G#,Major,88,28,66,6,0,13,31
Mirror,Kendrick Lamar,2022-05-13,53603447,92,E,Minor,66,29,65,23,0,8,7
Beautiful Girl,Luciano,2022-04-22,160035717,140,B,Minor,84,61,42,31,0,9,9
"Paulo Londra: Bzrp Music Sessions, Vol. 23","Bizarrap, Paulo Londra",2022-04-25,164163229,96,,Major,61,32,90,25,0,10,9
Savior - Interlude,Kendrick Lamar,2022-05-13,37091576,118,F,Minor,66,83,43,84,0,19,19
Pasoori,"Shae Gill, Ali Sethi",2022-02-06,284249832,92,B,Minor,71,67,60,7,0,6,4
Mother I Sober (feat. Beth Gibbons of Portishead),"Kendrick Lamar, Beth Gibbons",2022-05-13,33381454,140,G#,Minor,49,50,37,87,0,11,35
TUS Lï¿½ï¿½GR,"Sech, Mora",2022-04-01,184622518,174,C#,Major,68,45,71,18,0,11,25
Where Did You Go?,"MNEK, Jax Jones",2022-01-26,300983101,127,A#,Major,77,53,78,19,0,29,4
I Tried to Tell Y'all,"Ugly Dray, Tesla Jnr",2022-05-06,121077868,96,B,Major,71,37,52,62,0,11,36
Honest (feat. Don Toliver),"Justin Bieber, Don Toliver",2022-04-29,106919680,150,G#,Minor,82,82,66,13,0,11,6
ZOOM,Jessi,2022-04-13,136996305,100,F#,Major,87,46,60,1,0,13,16
SloMo,Chanel,2021-12-24,65719930,105,C#,Minor,73,59,81,13,0,9,6
FEARLESS,LE SSERAFIM,2022-05-02,229497852,104,G,Major,86,43,62,5,0,13,14
10 Things I Hate About You,Leah Kate,2022-03-23,185550869,154,G#,Major,54,45,79,1,0,17,5
SPACE MAN,Sam Ryder,2022-02-22,54682594,80,B,Major,47,33,83,18,0,10,5
With you,"HA SUNG WOON, Jimin",2022-04-24,240580042,150,D#,Major,53,14,43,64,0,13,3
Iris,The Goo Goo Dolls,1998-03-31,1284942608,156,B,Minor,32,49,72,0,0,9,4
The Heart Part 5,Kendrick Lamar,2022-05-08,71423324,98,G#,Minor,76,79,81,18,0,6,34
San Lucas,Kevin Kaarl,2019-11-07,244891912,92,G,Major,58,27,36,86,0,9,3
This Love (Taylorï¿½ï¿½ï¿½s Ve,Taylor Swift,2022-05-06,132171975,144,E,Major,47,7,50,32,0,7,4
Good Looking,Suki Waterhouse,2017-10-20,184706613,150,E,Major,37,27,56,8,0,13,3
Flowers,Lauren Spencer Smith,2021-08-09,184826429,138,D#,Major,70,31,44,84,0,9,39
Yet To Come,BTS,2022-06-10,302006641,172,C#,Major,56,68,89,4,0,33,19
Run BTS,BTS,2022-06-10,330881149,77,G#,Major,72,70,82,2,0,4,17
Music For a Sushi Restaurant,Harry Styles,2022-05-20,334733572,107,B,Major,72,36,72,26,6,11,4
Matilda,Harry Styles,2022-05-20,366214458,114,D,Major,51,39,29,90,0,10,4
For Youth,BTS,2022-06-10,114546317,117,D,Major,63,29,51,43,0,25,4
Daylight,Harry Styles,2022-05-20,290833204,146,,Major,69,63,45,48,0,18,4
Vegas (From the Original Motion Picture Soundtrack ELVIS),Doja Cat,2022-05-06,448500832,160,G#,Minor,80,74,60,8,0,14,26
Cash In Cash Out,"Pharrell Williams, Tyler, The Creator, 21 Savage",2022-06-10,136676504,120,G,Major,88,15,56,1,0,8,6
Potion (with Dua Lipa & Young Thug),"Calvin Harris, Dua Lipa, Young Thug",2022-05-27,190625045,100,B,Minor,82,76,70,16,0,8,5
Born Singer,BTS,2022-06-10,79095270,158,G#,Minor,60,68,84,4,0,24,11
Little Freak,Harry Styles,2022-05-20,273194684,142,D#,Major,56,40,54,72,0,10,4
La Llevo Al Cielo (Ft. ï¿½ï¿½engo F,"Nengo Flow, Anuel Aa, Chris Jedi, Chencho Corleone",2022-05-20,333146475,170,A,Minor,80,77,85,11,0,17,14
True Love,"Kanye West, XXXTENTACION",2022-05-27,194902696,84,F,Minor,71,39,86,2,0,51,25
Satellite,Harry Styles,2022-05-20,311482393,139,,Major,58,30,46,14,0,9,3
Pass The Dutchie,Musical Youth,1982-01-01,195918494,151,G,Major,73,88,67,20,0,32,5
"Villano Antillano: Bzrp Music Sessions, Vol. 51","Bizarrap, Villano Antillano",2022-06-08,248511839,128,C#,Minor,82,42,75,6,0,63,6
Love Of My Life,Harry Styles,2022-05-20,233671263,118,G,Major,56,20,54,67,0,6,5
Grapejuice,Harry Styles,2022-05-20,199587884,183,F,Major,65,88,72,36,14,20,3
So Good,Halsey,2022-06-09,91781263,83,D#,Minor,63,29,62,4,0,18,4
Belly Dancer,"BYOR, Imanbek",2022-02-18,383835984,122,C#,Major,85,42,80,6,0,17,14
Keep Driving,Harry Styles,2022-05-20,236060709,165,A,Major,72,90,48,32,0,18,23
Cinema,Harry Styles,2022-05-20,189236868,106,A,Minor,83,90,64,35,5,9,4
Die Young (feat. 347aidan),"Sleepy hallow, 347aidan",2022-05-25,160845341,77,B,Major,81,68,58,83,0,11,34
Only Love Can Hurt Like This,Paloma Faith,2014-01-01,588955257,91,G#,Major,57,30,89,10,0,33,8
Hold My Hand,Lady Gaga,2022-05-03,238350348,148,G,Major,51,21,63,5,0,41,3
Daydreaming,Harry Styles,2022-05-20,187703102,114,E,Minor,71,90,81,31,2,13,3
Numb,"Marshmello, Khalid",2022-06-10,295307001,120,,Minor,91,63,77,12,1,10,5
Nos Comemos (feat. Ozuna),"Ozuna, Tiago pzk",2022-06-02,138334433,92,F#,Major,83,56,82,10,0,9,5
Me and Your Mama,Childish Gambino,2016-11-10,445590495,118,F,Major,56,25,45,1,3,7,3
Crazy What Love Can Do,"David Guetta, Ella Henderson, Becky Hill",2022-03-18,286739476,123,E,Minor,60,46,71,3,0,16,4
SLOW DANCING IN THE DARK,Joji,2018-09-12,1122364376,89,D#,Major,52,28,48,54,1,19,3
Antes de Perderte,Duki,2022-06-02,157136970,110,F,Minor,81,61,93,49,0,12,11
Boyfriends,Harry Styles,2022-05-20,137070925,118,,Major,42,32,20,94,0,11,4
295,Sidhu Moose Wala,2021-05-15,183273246,90,B,Minor,68,54,76,21,0,11,20
Tak Ingin Usai,Keisya Levronka,2022-05-13,184807630,130,,Major,49,14,40,82,0,11,3
En El Radio Un Cochinero,Victor Cibrian,2022-05-13,164856284,154,F#,Minor,70,97,62,47,0,10,4
Master of Puppets (Remastered),Metallica,1986-03-03,704171068,105,E,Minor,54,59,83,0,44,20,4
BREAK MY SOUL,Beyoncï¿,2022-06-21,354614964,115,C#,Minor,70,87,88,4,0,26,8
ULTRA SOLO REMIX,"De La Ghetto, Feid, Polima WestCoast, Paloma Mami, Pailita",2022-06-16,279717388,110,C#,Major,91,59,82,8,0,6,8
Massive,Drake,2022-06-17,195628667,125,E,Minor,51,5,68,12,2,15,6
Betty (Get Money),Yung Gravy,2022-06-10,221752937,102,C#,Major,73,62,75,0,0,34,8
Ojos Marrones,Lasso,2022-02-06,263280370,120,G#,Minor,81,72,65,4,0,14,4
POP!,Nayeon,2022-06-24,213505179,97,D,Major,80,36,86,4,0,3,5
Layla,"Schï¿½ï¿½rze, DJ R",2022-03-24,130419412,140,F,Minor,44,41,92,0,0,44,7
MORE,j-hope,2022-07-01,155795783,97,D,Major,78,31,72,1,0,11,4
Sweet Child O' Mine,Guns N' Roses,1987-01-01,1553497987,125,F#,Major,45,67,90,9,11,10,5
Last Last,Burna Boy,2022-05-12,293466523,88,D#,Minor,80,55,56,13,0,8,9
SNAP,Rosa Linn,2022-03-19,711366595,170,,Major,56,52,64,11,0,45,7
Sticky,Drake,2022-06-17,191448892,137,A#,Minor,88,8,49,9,0,9,14
Hot Shit (feat. Ye & Lil Durk),"Kanye West, Lil Durk, Cardi B",2022-07-01,85924992,157,A,Major,88,52,69,0,0,8,23
Ai Preto,"L7nnon, DJ Biel do Furduncinho, Bianca",2022-06-03,176103902,130,F#,Major,95,83,57,54,0,10,25
La Loto,"Anitta, Tini, Becky G",2022-07-06,121189256,90,C#,Major,85,80,83,10,0,8,11
die first,Nessa Barrett,2022-06-24,131746175,183,G#,Minor,44,44,67,7,0,12,13
Afraid To Feel,LF System,2022-05-02,244790012,128,C#,Major,58,68,91,2,0,27,11
Baile no Morro,"Mc Vitin Da Igrejinha, MC Tairon, DJ Win",2022-06-10,129314708,130,D#,Minor,71,78,40,46,0,7,45
cï¿½ï¿½mo dormi,Rels B,2022-08-04,331511413,126,C#,Major,63,56,43,24,0,12,23
Bad Decisions (with BTS & Snoop Dogg),"Snoop Dogg, BTS, Benny Blanco",2022-08-05,219196651,120,,Major,77,94,87,2,0,23,12
STAYING ALIVE (feat. Drake & Lil Baby),"Drake, DJ Khaled, Lil Baby",2022-08-05,170732845,130,E,Minor,72,18,46,7,0,28,8
Caile,Luar La L,2020-12-18,273914335,122,,Major,70,46,76,30,0,9,45
Si Te La Encuentras Por Ahï¿,Feid,2022-08-05,179061440,172,G#,Minor,74,46,58,15,0,13,8
GIVENCHY,Duki,2022-07-20,185236961,103,G#,Major,61,38,62,14,0,23,40
ALIEN SUPERSTAR,Beyoncï¿,2022-07-29,171788484,122,A#,Minor,55,46,64,0,0,17,10
Mary On A Cross,Ghost,2019-09-13,387080183,130,B,Major,47,56,90,0,0,10,4
Attention,NewJeans,2022-08-01,264717480,105,A#,Minor,81,70,65,24,0,8,4
THE SHADE,Rex Orange County,2022-03-11,244928911,120,F,Major,90,73,51,39,0,9,6
"Come Back Home - From ""Purple Hearts""",Sofia Carson,2022-07-12,97610446,145,G,Major,56,43,53,24,0,12,4
El Rescate,"Grupo Marca Registrada, Junior H",2022-07-22,287278853,99,G,Minor,79,64,59,28,0,11,14
Heartless,Kanye West,2008-01-01,887906111,88,A#,Minor,79,66,65,5,0,25,14
"Stay With Me (with Justin Timberlake, Halsey, & Pharrell)","Calvin Harris, Halsey, Pharrell Williams, Justin Timberlake",2022-07-15,123473120,126,A,Major,81,90,73,28,0,29,4
Siempre Pendientes,"Peso Pluma, Luis R Conriquez",2022-08-15,295152154,136,,Major,77,71,75,33,1,13,4
JGL,"Luis R Conriquez, La Adictiva",2022-02-18,323455692,113,G#,Major,70,97,59,55,0,27,12
Don't You Worry,"David Guetta, Shakira, Black Eyed Peas",2022-06-16,240918092,132,B,Major,82,49,88,20,0,21,3
Pipoco,"Melody, Ana Castela, Dj Chris No Beat",2022-05-20,191873381,135,G#,Major,77,74,74,47,0,34,8
Hold Me Closer,"Elton John, Britney Spears",2017-11-10,284216603,126,,Major,67,49,77,11,0,19,11
Forget Me,Lewis Capaldi,2022-09-09,239411309,102,C#,Minor,67,72,74,30,0,36,4
After LIKE,IVE,2022-08-22,265548837,125,,Major,68,80,92,10,0,9,12
Bound 2,Kanye West,2013-01-01,703301727,149,C#,Major,37,28,66,14,0,9,5
B.O.T.A. (Baddest Of Them All) - Edit,"Interplanetary Criminal, Eliza Rose",2022-06-15,244585109,137,,Major,74,71,89,24,61,15,5
Talk that Talk,TWICE,2022-08-26,189476119,120,D#,Minor,77,78,91,14,0,33,12
BILLIE EILISH.,Armani White,2022-01-20,277132266,100,C#,Major,90,75,50,11,0,9,26
Ferxxo 100,Feid,2022-06-03,278920007,164,G#,Minor,70,58,57,25,0,15,7
KU LO SA - A COLORS SHOW,Oxlade,2022-06-10,222410722,93,A#,Minor,65,79,66,31,0,22,7
Prohibidox,Feid,2022-09-13,185392587,180,C#,Minor,65,52,80,5,0,6,25
Static,Steve Lacy,2022-07-15,202452860,79,C#,Major,34,22,31,43,63,10,7
The Scientist,Coldplay,2002-08-05,1608164312,146,F,Major,56,21,44,73,0,11,2
Sparks,Coldplay,2000-07-10,624101957,103,C#,Major,37,17,27,75,5,10,3
Talk,YEAT,2022-09-02,148461629,140,E,Minor,70,26,76,8,0,54,23
XQ Te Pones Asï¿,"Yandel, Feid",2022-09-13,47093942,92,A#,Major,81,48,70,13,0,15,7
Selfish,PnB Rock,2016-06-23,380319238,102,C#,Minor,64,4,60,11,0,19,4
Sin Seï¿½ï,"Ovy On The Drums, Quevedo",2022-07-22,209106362,118,B,Minor,82,75,85,33,1,11,4
Lady Mi Amor,Feid,2022-09-13,53987404,93,D,Major,78,75,62,6,0,15,6
Poland,Lil Yachty,2022-06-23,115331792,150,F,Minor,70,26,56,14,83,11,5
THE LONELIEST,Mï¿½ï¿½ne,2022-10-07,225093344,130,D,Major,52,24,60,0,0,8,3
Bye Bye,"Marshmello, Juice WRLD",2022-10-14,84697729,83,D#,Minor,65,24,53,6,0,51,4
BABY OTAKU,"Fran C, Polima WestCoast, Nickoog Clk, Pablito Pesadilla",2022-08-18,159240673,102,A,Major,84,43,75,5,0,6,8
Nxde,(G)I-DLE,2022-10-17,170709584,136,E,Minor,73,65,91,4,0,48,18
Miss You,Southstar,1982-05-16,154356956,145,A,Major,66,24,58,17,0,19,5
we fell in love in october,girl in red,2018-11-21,723043854,130,G,Major,57,24,37,11,18,16,3
2 Be Loved (Am I Ready),Lizzo,2022-07-14,247689123,156,G,Major,72,92,77,9,0,8,11
Celestial,Ed Sheeran,2022-09-29,176474912,123,D,Major,57,50,85,5,0,16,4
Typa Girl,BLACKPINK,2022-09-16,235549288,132,G,Major,92,53,62,7,0,63,10
I Really Want to Stay at Your House,"Rosa Walton, Hallie Coggins",2020-12-18,140430339,125,D#,Minor,49,13,74,0,0,9,4
California Breeze,Lil Baby,2022-10-14,85559365,162,F,Minor,74,22,67,0,0,11,46
Bamba (feat. Aitch & BIA),"Luciano, Aitch, Bï¿½",2022-09-22,146223492,138,A#,Major,80,82,81,14,0,13,36
Casei Com a Putaria,"MC Ryan SP, Love Funk, Mc Paiva ZS",2022-07-01,187701588,161,A#,Minor,59,62,60,12,0,5,44
Major Distribution,"Drake, 21 Savage",2022-11-04,154863153,131,G#,Minor,91,23,55,1,0,7,32
Pussy & Millions (feat. Travis Scott),"Drake, Travis Scott, 21 Savage",2022-11-04,191333656,122,E,Minor,75,45,63,6,0,35,12
Vigilante Shit,Taylor Swift,2022-10-21,253650850,80,E,Minor,80,16,28,17,0,12,39
Question...?,Taylor Swift,2022-10-21,223064273,109,G,Major,75,11,50,20,0,30,17
On BS,"Drake, 21 Savage",2022-11-04,170413877,158,A,Major,84,33,36,2,0,39,59
Mastermind,Taylor Swift,2022-10-21,218320587,126,E,Major,66,12,35,55,0,9,14
Circo Loco,"Drake, 21 Savage",2022-11-04,141720999,104,C#,Major,73,25,61,1,0,32,7
Labyrinth,Taylor Swift,2022-10-21,187339835,110,,Major,48,15,31,80,22,12,4
Spin Bout U,"Drake, 21 Savage",2022-11-04,198365537,130,G,Major,77,20,70,1,0,16,5
Sweet Nothing,Taylor Swift,2022-10-21,186104310,177,,Major,34,39,16,97,0,12,5
"Would've, Could've, Should've",Taylor Swift,2022-10-21,177503916,158,G,Major,48,55,84,43,0,15,12
Con La Brisa,"Ludwig Goransson, Foudeqush",2022-11-04,71095708,114,D,Minor,62,25,44,51,33,14,3
Privileged Rappers,"Drake, 21 Savage",2022-11-04,112436403,144,F,Major,93,62,61,0,0,12,20
The Astronaut,Jin,2022-10-28,203436468,125,F,Major,54,22,76,0,0,14,3
BackOutsideBoyz,Drake,2022-11-04,93367537,142,F,Minor,85,40,43,4,0,39,32
Broke Boys,"Drake, 21 Savage",2022-11-04,106249219,120,D,Major,64,11,53,1,0,25,27
The Great War,Taylor Swift,2022-10-21,181382590,96,F,Major,57,55,74,22,0,8,4
My Mind & Me,Selena Gomez,2022-11-03,91473363,144,A,Major,60,24,39,57,0,8,3
Bigger Than The Whole Sky,Taylor Swift,2022-10-21,121871870,166,F#,Major,42,7,24,83,1,12,6
A Veces (feat. Feid),"Feid, Paulo Londra",2022-11-03,73513683,92,C#,Major,80,81,67,4,0,8,6
En La De Ella,"Feid, Sech, Jhayco",2022-10-20,133895612,97,C#,Major,82,67,77,8,0,12,5
Alone,Burna Boy,2022-11-04,96007391,90,E,Minor,61,32,67,15,0,11,5
